company_name,rating,bio,salary,job,founded_in,field,other,city
TCS,3.3,IT Services & Consulting |  +438 other locations,970000.0,2000.0,1968 (58 yrs old),IT Services & Consulting,+438 other locations,bangalore
Accenture,3.7,IT Services & Consulting |  +255 other locations,650000.0,31900.0,1989 (37 yrs old),IT Services & Consulting,+255 other locations,bangalore
Wipro,3.6,IT Services & Consulting |  +370 other locations,480000.0,6500.0,1945 (81 yrs old),IT Services & Consulting,+370 other locations,bangalore
Cognizant,3.6,IT Services & Consulting |  +229 other locations,600000.0,730.0,1994 (32 yrs old),IT Services & Consulting,+229 other locations,bangalore
Capgemini,3.7,IT Services & Consulting |  +184 other locations,470000.0,1900.0,1967 (59 yrs old),IT Services & Consulting,+184 other locations,bangalore
HDFC Bank,3.8,Banking |  +1821 other locations,150000.0,266.0,1994 (32 yrs old),Banking,+1821 other locations,bangalore
Infosys,3.5,IT Services & Consulting |  +246 other locations,520000.0,2700.0,,IT Services & Consulting,+246 other locations,bangalore
ICICI Bank,4.0,Banking |  +1437 other locations,150000.0,22.0,1994 (32 yrs old),Banking,+1437 other locations,bangalore
HCLTech,3.4,IT Services & Consulting |  +226 other locations,370000.0,165.0,,IT Services & Consulting,+226 other locations,bangalore
Tech Mahindra,3.4,IT Services & Consulting |  +331 other locations,280000.0,382.0,1986 (40 yrs old),IT Services & Consulting,+331 other locations,bangalore
Genpact,3.6,IT Services & Consulting |  +182 other locations,230000.0,840.0,1997 (29 yrs old),IT Services & Consulting,+182 other locations,bangalore
Teleperformance,3.8,BPO |  +254 other locations,95800.0,1300.0,1978 (48 yrs old),BPO,+254 other locations,bangalore
Axis Bank,3.6,Banking |  +1498 other locations,100000.0,217.0,1993 (33 yrs old),Banking,+1498 other locations,bangalore
Jio,4.4,Telecom |  +1893 other locations,62000.0,3.0,2018 (8 yrs old),Telecom,+1893 other locations,bangalore
Concentrix Corporation,3.6,BPO |  +179 other locations,130000.0,82.0,1983 (43 yrs old),BPO,+179 other locations,bangalore
Amazon,3.9,Internet |  +518 other locations,150000.0,1600.0,1994 (32 yrs old),Internet,+518 other locations,bangalore
iEnergizer,4.6,BPO |  +52 other locations,23900.0,68.0,,BPO,+52 other locations,bangalore
Reliance Retail,3.9,Retail |  +1150 other locations,74700.0,152.0,2006 (20 yrs old),Retail,+1150 other locations,bangalore
LTIMindtree,3.6,IT Services & Consulting |  +146 other locations,190000.0,450.0,1997 (29 yrs old),IT Services & Consulting,+146 other locations,bangalore
IBM,3.9,IT Services & Consulting |  +160 other locations,210000.0,813.0,1911 (115 yrs old),IT Services & Consulting,+160 other locations,bangalore
HDB Financial Services,3.9,NBFC |  +1090 other locations,50200.0,203.0,2007 (19 yrs old),NBFC,+1090 other locations,bangalore
Larsen & Toubro Limited,3.9,Engineering & Construction |  +754 other locations,23900.0,76.0,,Engineering & Construction,+754 other locations,bangalore
Deloitte,3.7,Management Consulting |  +187 other locations,250000.0,1500.0,1845 (181 yrs old),Management Consulting,+187 other locations,bangalore
Kotak Mahindra Bank,3.6,Banking |  +681 other locations,87000.0,80.0,,Banking,+681 other locations,bangalore
Reliance Industries,4.0,Oil & Gas |  +812 other locations,72400.0,58.0,1977 (49 yrs old),Oil & Gas,+812 other locations,bangalore
Vodafone Idea,3.9,Telecom |  +704 other locations,50300.0,30.0,2018 (8 yrs old),Telecom,+704 other locations,bangalore
Bharti Airtel,3.8,Telecom |  +789 other locations,49000.0,120.0,1952 (74 yrs old),Telecom,+789 other locations,bangalore
BYJU'S,3.2,EdTech |  +321 other locations,53600.0,76.0,2011 (15 yrs old),EdTech,+321 other locations,bangalore
WNS,3.3,IT Services & Consulting |  +65 other locations,69800.0,82.0,1996 (30 yrs old),IT Services & Consulting,+65 other locations,bangalore
Tata Motors,4.1,Automobile |  +506 other locations,42500.0,172.0,1945 (81 yrs old),Automobile,+506 other locations,bangalore
IDFC FIRST Bank,3.9,Banking |  +712 other locations,48500.0,32.0,,Banking,+712 other locations,bangalore
Ernst & Young,3.4,Management Consulting |  +132 other locations,23900.0,76.0,,Management Consulting,+132 other locations,bangalore
IndusInd Bank,3.4,Banking |  +788 other locations,51700.0,141.0,,Banking,+788 other locations,bangalore
AU Small Finance Bank,3.9,Banking |  +783 other locations,28700.0,44.0,1996 (30 yrs old),Banking,+783 other locations,bangalore
Flipkart,3.9,Internet |  +560 other locations,53900.0,179.0,2007 (19 yrs old),Internet,+560 other locations,bangalore
Bajaj Finserv,3.9,NBFC |  +1162 other locations,30000.0,4.0,2007 (19 yrs old),NBFC,+1162 other locations,bangalore
Muthoot FinCorp,4.5,NBFC |  +1087 other locations,9000.0,43.0,,NBFC,+1087 other locations,bangalore
PwC,3.3,Management Consulting |  +133 other locations,120000.0,899.0,1880 (146 yrs old),Management Consulting,+133 other locations,bangalore
Mahindra & Mahindra,4.0,Automobile |  +562 other locations,23900.0,76.0,,Automobile,+562 other locations,bangalore
DXC Technology,3.6,IT Services & Consulting |  +133 other locations,72800.0,198.0,2017 (9 yrs old),IT Services & Consulting,+133 other locations,bangalore
Infosys BPM,3.5,BPO |  +95 other locations,72500.0,98.0,2002 (24 yrs old),BPO,+95 other locations,bangalore
HDFC Life,3.9,Insurance |  +698 other locations,32900.0,119.0,,Insurance,+698 other locations,bangalore
Bandhan Bank,3.7,Banking |  +995 other locations,25300.0,13.0,,Banking,+995 other locations,bangalore
Conneqt Business Solutions,3.6,BPO |  +266 other locations,26400.0,361.0,2002 (24 yrs old),BPO,+266 other locations,bangalore
Mphasis,3.3,IT Services & Consulting |  +63 other locations,73200.0,47.0,1998 (28 yrs old),IT Services & Consulting,+63 other locations,bangalore
Yes Bank,3.7,Banking |  +540 other locations,43400.0,141.0,2004 (22 yrs old),Banking,+540 other locations,bangalore
Tata Steel,4.0,Iron & Steel |  +228 other locations,33800.0,76.0,1907 (119 yrs old),Iron & Steel,+228 other locations,bangalore
Quess,3.8,Recruitment |  +740 other locations,30500.0,9.0,2007 (19 yrs old),Recruitment,+740 other locations,bangalore
Maruti Suzuki,4.2,Automobile |  +451 other locations,28400.0,61.0,1981 (45 yrs old),Automobile,+451 other locations,bangalore
Startek,3.1,BPO |  +105 other locations,24400.0,130.0,2017 (9 yrs old),BPO,+105 other locations,bangalore
Asian Paints,4.0,Chemicals |  +547 other locations,25200.0,66.0,,Chemicals,+547 other locations,bangalore
UltraTech Cement,4.1,Building Material |  +534 other locations,24300.0,27.0,1983 (43 yrs old),Building Material,+534 other locations,bangalore
Paytm,3.2,FinTech |  +418 other locations,33900.0,718.0,,FinTech,+418 other locations,bangalore
Shriram Finance,4.0,NBFC |  +1109 other locations,15300.0,8.0,1979 (47 yrs old),NBFC,+1109 other locations,bangalore
Bajaj Finance,3.9,NBFC |  +965 other locations,22700.0,7000.0,1987 (39 yrs old),NBFC,+965 other locations,bangalore
Equitas Small Finance Bank,4.4,Banking |  +479 other locations,13400.0,15.0,,Banking,+479 other locations,bangalore
Sutherland Global Services,3.4,BPO |  +82 other locations,34400.0,250.0,,BPO,+82 other locations,bangalore
EXL Service,3.6,Analytics & KPO |  +63 other locations,44100.0,1500.0,,Analytics & KPO,+63 other locations,bangalore
Cipla,4.1,Pharma |  +291 other locations,26000.0,66.0,1935 (91 yrs old),Pharma,+291 other locations,bangalore
Samsung,3.9,Consumer Electronics & Appliances |  +578 other locations,26200.0,27.0,1969 (57 yrs old),Consumer Electronics & Appliances,+578 other locations,bangalore
Ericsson,3.9,Telecom |  +162 other locations,42500.0,70.0,,Telecom,+162 other locations,bangalore
Wells Fargo,3.7,Financial Services |  +28 other locations,55200.0,168.0,,Financial Services,+28 other locations,bangalore
Dr. Reddy's,4.0,Pharma |  +213 other locations,23900.0,76.0,,Pharma,+213 other locations,bangalore
Optum Global Solutions,4.0,IT Services & Consulting |  +68 other locations,48400.0,73.0,2002 (24 yrs old),IT Services & Consulting,+68 other locations,bangalore
Delhivery,3.8,Logistics |  +751 other locations,21300.0,179.0,2011 (15 yrs old),Logistics,+751 other locations,bangalore
ICICI Prudential Life Insurance,4.0,Insurance |  +505 other locations,22500.0,513.0,2000 (26 yrs old),Insurance,+505 other locations,bangalore
JPMorgan Chase & Co.,3.8,Financial Services |  +55 other locations,23900.0,76.0,,Financial Services,+55 other locations,bangalore
JSW Steel,3.9,Iron & Steel |  +193 other locations,30400.0,108.0,1982 (44 yrs old),Iron & Steel,+193 other locations,bangalore
HGS,3.7,BPO |  +121 other locations,20900.0,18.0,2000 (26 yrs old),BPO,+121 other locations,bangalore
Jana Small Finance Bank,3.8,Banking |  +419 other locations,14200.0,54.0,2006 (20 yrs old),Banking,+419 other locations,bangalore
Sun Pharmaceutical Industries,4.1,Pharma |  +264 other locations,23500.0,287.0,,Pharma,+264 other locations,bangalore
Ujjivan Small Finance Bank,4.0,Banking |  +533 other locations,12800.0,136.0,2017 (9 yrs old),Banking,+533 other locations,bangalore
Hexaware Technologies,3.4,IT Services & Consulting |  +67 other locations,53100.0,636.0,1990 (36 yrs old),IT Services & Consulting,+67 other locations,bangalore
Amazon Development Centre India,3.8,Internet |  +146 other locations,23900.0,76.0,,Internet,+146 other locations,bangalore
Lupin,4.1,Pharma |  +202 other locations,22500.0,33.0,,Pharma,+202 other locations,bangalore
L&T Construction,4.0,Engineering & Construction |  +433 other locations,23900.0,76.0,,Engineering & Construction,+433 other locations,bangalore
Zydus Lifesciences,3.9,Pharma |  +177 other locations,19900.0,21.0,1952 (74 yrs old),Pharma,+177 other locations,bangalore
Ekart Logistics,3.9,Logistics |  +736 other locations,15800.0,76.0,2009 (17 yrs old),Logistics,+736 other locations,bangalore
Hindustan Unilever,4.2,FMCG |  +531 other locations,20000.0,48.0,1872 (154 yrs old),FMCG,+531 other locations,bangalore
KPMG India,3.4,Management Consulting |  +111 other locations,64700.0,61.0,1993 (33 yrs old),Management Consulting,+111 other locations,bangalore
ITC,3.9,FMCG |  +375 other locations,24400.0,77.0,1910 (116 yrs old),FMCG,+375 other locations,bangalore
Axis Max Life Insurance,4.0,Insurance |  +494 other locations,20000.0,143.0,2000 (26 yrs old),Insurance,+494 other locations,bangalore
Megha Engineering & Infrastructures,3.9,Engineering & Construction |  +405 other locations,23900.0,76.0,,Engineering & Construction,+405 other locations,bangalore
Tata Projects,4.2,Engineering & Construction |  +285 other locations,22100.0,29.0,,Engineering & Construction,+285 other locations,bangalore
Coforge,3.2,IT Services & Consulting |  +104 other locations,48500.0,128.0,,IT Services & Consulting,+104 other locations,bangalore
FIS,3.8,FinTech |  +61 other locations,38700.0,122.0,,FinTech,+61 other locations,bangalore
L&T Technology Services,3.1,IT Services & Consulting |  +92 other locations,23900.0,76.0,,IT Services & Consulting,+92 other locations,bangalore
Bajaj Life Insurance,3.9,Insurance |  +607 other locations,23900.0,76.0,,Insurance,+607 other locations,bangalore
Cholamandalam Investment & Finance,3.8,Financial Services |  +840 other locations,23900.0,76.0,,Financial Services,+840 other locations,bangalore
IIFL Finance,4.0,NBFC |  +801 other locations,14200.0,73.0,1995 (31 yrs old),NBFC,+801 other locations,bangalore
Oracle,3.5,Software Product |  +56 other locations,62500.0,1200.0,1977 (49 yrs old),Software Product,+56 other locations,bangalore
Indian Army,4.7,Defence & Aerospace |  +364 other locations,9600.0,76.0,1895 (131 yrs old),Defence & Aerospace,+364 other locations,bangalore
Omega Healthcare,3.8,BPO |  +69 other locations,26200.0,129.0,2003 (23 yrs old),BPO,+69 other locations,bangalore
Muthoot Finance,3.7,NBFC |  +783 other locations,13000.0,93.0,,NBFC,+783 other locations,bangalore
JLL,4.1,Real Estate |  +85 other locations,24200.0,241.0,1999 (27 yrs old),Real Estate,+85 other locations,bangalore
eClerx,3.1,IT Services & Consulting |  +32 other locations,31700.0,233.0,2000 (26 yrs old),IT Services & Consulting,+32 other locations,bangalore
HCL Group,3.5,IT Services & Consulting |  +97 other locations,370000.0,165.0,,IT Services & Consulting,+97 other locations,bangalore
Piramal Finance,4.2,NBFC |  +424 other locations,12700.0,5.0,10k-50k,NBFC,+424 other locations,bangalore
Virtusa Consulting Services,3.7,IT Services & Consulting |  +55 other locations,56300.0,1300.0,1996 (30 yrs old),IT Services & Consulting,+55 other locations,bangalore
DMart,3.9,Retail |  +246 other locations,18500.0,177.0,2002 (24 yrs old),Retail,+246 other locations,bangalore
HSBC Group,3.9,Financial Services |  +63 other locations,42600.0,130.0,1865 (161 yrs old),Financial Services,+63 other locations,bangalore
Indiamart Intermesh,3.5,Internet |  +173 other locations,20000.0,532.0,1996 (30 yrs old),Internet,+173 other locations,bangalore
Udaan,3.9,Internet |  +368 other locations,15600.0,5.0,,Internet,+368 other locations,bangalore
SMFG India Credit,3.9,NBFC |  +594 other locations,11000.0,81.0,2007 (19 yrs old),NBFC,+594 other locations,bangalore
Aurobindo Pharma,4.0,Pharma |  +115 other locations,20700.0,23.0,1986 (40 yrs old),Pharma,+115 other locations,bangalore
Access Healthcare,3.7,BPO |  +64 other locations,28400.0,503.0,2011 (15 yrs old),BPO,+64 other locations,bangalore
Siemens,3.9,Industrial Automation |  +152 other locations,33500.0,134.0,,Industrial Automation,+152 other locations,bangalore
BigBasket,3.9,Internet |  +138 other locations,19100.0,104.0,,Internet,+138 other locations,bangalore
Manappuram Finance,3.9,NBFC |  +649 other locations,9100.0,6.0,1949 (77 yrs old),NBFC,+649 other locations,bangalore
Firstsource Solutions,3.5,BPO |  +74 other locations,24000.0,139.0,2001 (25 yrs old),BPO,+74 other locations,bangalore
Shapoorji Pallonji Group,4.1,Engineering & Construction |  +188 other locations,23900.0,76.0,,Engineering & Construction,+188 other locations,bangalore
Tata Capital,4.0,NBFC |  +438 other locations,15700.0,3100.0,2007 (19 yrs old),NBFC,+438 other locations,bangalore
GlobalLogic,3.5,IT Services & Consulting |  +60 other locations,40500.0,46.0,2000 (26 yrs old),IT Services & Consulting,+60 other locations,bangalore
ICICI Lombard General Insurance Company,3.5,Insurance |  +311 other locations,23900.0,76.0,,Insurance,+311 other locations,bangalore
Standard Chartered,3.6,Banking |  +68 other locations,42000.0,76.0,1853 (173 yrs old),Banking,+68 other locations,bangalore
Mahindra Finance,3.9,NBFC |  +730 other locations,12000.0,390.0,1991 (35 yrs old),NBFC,+730 other locations,bangalore
PolicyBazaar,3.7,Internet |  +149 other locations,17100.0,434.0,,Internet,+149 other locations,bangalore
Bosch Global Software Technologies,3.7,IT Services & Consulting |  +47 other locations,39900.0,14.0,1997 (29 yrs old),IT Services & Consulting,+47 other locations,bangalore
Apollo Hospitals,4.1,Healthcare |  +229 other locations,16400.0,168.0,1983 (43 yrs old),Healthcare,+229 other locations,bangalore
UST,3.7,IT Services & Consulting |  +50 other locations,39400.0,142.0,,IT Services & Consulting,+50 other locations,bangalore
Ashok Leyland,4.0,Automobile |  +259 other locations,18700.0,76.0,1948 (78 yrs old),Automobile,+259 other locations,bangalore
Citicorp,3.7,Financial Services |  +68 other locations,51900.0,76.0,1997 (29 yrs old),Financial Services,+68 other locations,bangalore
Swiggy,3.7,Internet |  +230 other locations,22800.0,281.0,2014 (12 yrs old),Internet,+230 other locations,bangalore
Hero MotoCorp,4.1,Automobile |  +366 other locations,15700.0,76.0,1984 (42 yrs old),Automobile,+366 other locations,bangalore
Cyient,3.6,IT Services & Consulting |  +48 other locations,27300.0,78.0,1991 (35 yrs old),IT Services & Consulting,+48 other locations,bangalore
CGI Group,4.0,IT Services & Consulting |  +43 other locations,45200.0,655.0,1976 (50 yrs old),IT Services & Consulting,+43 other locations,bangalore
SBI Cards & Payment Services,3.6,Financial Services |  +436 other locations,23900.0,76.0,,Financial Services,+436 other locations,bangalore
Kalpataru Projects International,4.1,Engineering & Construction |  +321 other locations,13600.0,1.0,1981 (45 yrs old),Engineering & Construction,+321 other locations,bangalore
JustDial,3.5,Internet |  +229 other locations,15400.0,53.0,1996 (30 yrs old),Internet,+229 other locations,bangalore
BNY,3.7,Financial Services |  +25 other locations,30600.0,1.0,1784 (242 yrs old),Financial Services,+25 other locations,bangalore
IQVIA,3.7,Clinical Research |  +64 other locations,30600.0,20.0,10k-50k,Clinical Research,+64 other locations,bangalore
Nagarjuna Construction Company,4.0,Engineering & Construction |  +295 other locations,12000.0,11.0,1998 (28 yrs old),Engineering & Construction,+295 other locations,bangalore
NTT Data,3.8,IT Services & Consulting |  +81 other locations,35700.0,181.0,1988 (38 yrs old),IT Services & Consulting,+81 other locations,bangalore
SBI Life Insurance Company,3.7,Insurance |  +655 other locations,11700.0,6.0,2001 (25 yrs old),Insurance,+655 other locations,bangalore
CBRE,4.1,Real Estate |  +91 other locations,18700.0,19.0,1906 (120 yrs old),Real Estate,+91 other locations,bangalore
TVS Motor,3.9,Automobile |  +349 other locations,15800.0,64.0,1979 (47 yrs old),Automobile,+349 other locations,bangalore
Schneider Electric,4.2,Industrial Automation |  +119 other locations,24400.0,24.0,1999 (27 yrs old),Industrial Automation,+119 other locations,bangalore
Persistent Systems,3.6,IT Services & Consulting |  +41 other locations,44400.0,235.0,,IT Services & Consulting,+41 other locations,bangalore
State Bank of India,3.8,Banking |  +618 other locations,11600.0,10.0,1806 (220 yrs old),Banking,+618 other locations,bangalore
vivo,4.1,Consumer Electronics & Appliances |  +414 other locations,12900.0,11.0,2009 (17 yrs old),Consumer Electronics & Appliances,+414 other locations,bangalore
vivo,4.1,Consumer Electronics & Appliances |  +414 other locations,12900.0,11.0,2009 (17 yrs old),Consumer Electronics & Appliances,+414 other locations,bangalore
Ecom Express,4.0,Logistics |  +775 other locations,9500.0,76.0,2012 (14 yrs old),Logistics,+775 other locations,bangalore
Eviden,3.6,IT Services & Consulting |  +39 other locations,28000.0,8.0,1k-5k,IT Services & Consulting,+39 other locations,bangalore
KEC International,4.0,Engineering & Construction |  +313 other locations,13300.0,6.0,1945 (81 yrs old),Engineering & Construction,+313 other locations,bangalore
Amdocs,3.6,Software Product |  +23 other locations,37400.0,11.0,1982 (44 yrs old),Software Product,+23 other locations,bangalore
JBM Group,3.9,Auto Components |  +117 other locations,13900.0,45.0,,Auto Components,+117 other locations,bangalore
Nagarro,3.9,IT Services & Consulting |  +49 other locations,32000.0,945.0,1996 (30 yrs old),IT Services & Consulting,+49 other locations,bangalore
Varun Beverages,4.0,Beverage |  +379 other locations,12000.0,41.0,1995 (31 yrs old),Beverage,+379 other locations,bangalore
ITC Infotech,3.7,IT Services & Consulting |  +67 other locations,29500.0,78.0,2000 (26 yrs old),IT Services & Consulting,+67 other locations,bangalore
Home Credit Finance,4.0,NBFC |  +136 other locations,9400.0,96.0,2012 (14 yrs old),NBFC,+136 other locations,bangalore
Bosch,4.1,Auto Components |  +130 other locations,20700.0,76.0,1886 (140 yrs old),Auto Components,+130 other locations,bangalore
Randstad,3.7,Recruitment |  +352 other locations,16400.0,8.0,1992 (34 yrs old),Recruitment,+352 other locations,bangalore
EY Global Delivery Services ( EY GDS),3.5,IT Services & Consulting |  +56 other locations,23900.0,76.0,,IT Services & Consulting,+56 other locations,bangalore
Hewlett Packard Enterprise,4.1,IT Services & Consulting |  +103 other locations,27100.0,220.0,2015 (11 yrs old),IT Services & Consulting,+103 other locations,bangalore
Utkarsh Small Finance Bank,3.6,Banking |  +407 other locations,10800.0,26.0,2009 (17 yrs old),Banking,+407 other locations,bangalore
Mahindra Logistics,3.7,Logistics |  +233 other locations,280000.0,382.0,1986 (40 yrs old),Logistics,+233 other locations,bangalore
Aditya Birla Fashion and Retail,4.1,Fashion & Textile |  +291 other locations,13100.0,76.0,,Fashion & Textile,+291 other locations,bangalore
L&T Finance,3.9,NBFC |  +634 other locations,23900.0,76.0,,NBFC,+634 other locations,bangalore
OPPO,3.9,Consumer Electronics & Appliances |  +410 other locations,11800.0,10.0,2004 (22 yrs old),Consumer Electronics & Appliances,+410 other locations,bangalore
Dell,3.8,Consumer Electronics & Appliances |  +117 other locations,28700.0,16.0,1984 (42 yrs old),Consumer Electronics & Appliances,+117 other locations,bangalore
CARS24,3.4,Internet |  +173 other locations,23900.0,76.0,,Internet,+173 other locations,bangalore
Havells,3.9,Electrical Equipment |  +260 other locations,15500.0,34.0,1983 (43 yrs old),Electrical Equipment,+260 other locations,bangalore
Intas Pharmaceuticals,4.1,Pharma |  +148 other locations,17300.0,54.0,1977 (49 yrs old),Pharma,+148 other locations,bangalore
R1 RCM,3.8,BPO |  +46 other locations,21100.0,163.0,2007 (19 yrs old),BPO,+46 other locations,bangalore
Tata AIA Life Insurance,3.9,Insurance |  +442 other locations,14100.0,680.0,2001 (25 yrs old),Insurance,+442 other locations,bangalore
Hyundai Motor India Limited,4.1,Automobile |  +287 other locations,13800.0,3.0,1967 (59 yrs old),Automobile,+287 other locations,bangalore
Deutsche Bank,3.8,Banking |  +42 other locations,36000.0,391.0,1870 (156 yrs old),Banking,+42 other locations,bangalore
Hetero,3.9,Pharma |  +67 other locations,15000.0,141.0,,Pharma,+67 other locations,bangalore
Motilal Oswal Financial Services,3.7,Financial Services |  +168 other locations,12900.0,45.0,,Financial Services,+168 other locations,bangalore
Team Lease,3.9,Recruitment |  +396 other locations,16000.0,76.0,2016 (10 yrs old),Recruitment,+396 other locations,bangalore
Berger Paints,3.7,Chemicals |  +353 other locations,10000.0,131.0,,Chemicals,+353 other locations,bangalore
VE Commercial Vehicles,3.9,Automobile |  +179 other locations,14100.0,8.0,2008 (18 yrs old),Automobile,+179 other locations,bangalore
Lenskart,3.3,Internet |  +240 other locations,13200.0,128.0,,Internet,+240 other locations,bangalore
Thermax Limited,4.2,Industrial Machinery |  +250 other locations,23900.0,76.0,,Industrial Machinery,+250 other locations,bangalore
Bajaj Auto,3.8,Automobile |  +317 other locations,14500.0,76.0,1945 (81 yrs old),Automobile,+317 other locations,bangalore
Macleods Pharmaceuticals,3.7,Pharma |  +133 other locations,15500.0,10.0,1986 (40 yrs old),Pharma,+133 other locations,bangalore
Aakash Educational Services,3.2,Education & Training |  +244 other locations,13600.0,71.0,1988 (38 yrs old),Education & Training,+244 other locations,bangalore
Kogta Financial India Limited,4.7,NBFC |  +259 other locations,1900.0,115.0,1996 (30 yrs old),NBFC,+259 other locations,bangalore
Jubilant Foods Works,3.7,Hospitality |  +262 other locations,9200.0,192.0,1995 (31 yrs old),Hospitality,+262 other locations,bangalore
LG Electronics,3.9,Consumer Electronics & Appliances |  +298 other locations,11000.0,76.0,1958 (68 yrs old),Consumer Electronics & Appliances,+298 other locations,bangalore
Royal Enfield,4.2,Automobile |  +372 other locations,14800.0,20.0,1901 (125 yrs old),Automobile,+372 other locations,bangalore
Hindalco Industries,4.2,Metals & Mining |  +127 other locations,12400.0,4.0,1958 (68 yrs old),Metals & Mining,+127 other locations,bangalore
Jindal Steel Limited,3.9,Iron & Steel |  +172 other locations,15400.0,31.0,1979 (47 yrs old),Iron & Steel,+172 other locations,bangalore
John Deere,4.0,Industrial Machinery |  +155 other locations,15200.0,1.0,2001 (25 yrs old),Industrial Machinery,+155 other locations,bangalore
Tata Communications,3.9,Telecom |  +102 other locations,23500.0,33.0,1986 (40 yrs old),Telecom,+102 other locations,bangalore
DCB Bank,3.8,Banking |  +341 other locations,9500.0,11.0,,Banking,+341 other locations,bangalore
HDFC Ergo General Insurance,4.0,Insurance |  +324 other locations,12000.0,10.0,2002 (24 yrs old),Insurance,+324 other locations,bangalore
State Street Corporation,3.5,Financial Services |  +34 other locations,31400.0,8.0,1792 (234 yrs old),Financial Services,+34 other locations,bangalore
RBL Bank,3.5,Banking |  +284 other locations,18300.0,53.0,1943 (83 yrs old),Banking,+284 other locations,bangalore
Cummins,4.3,Industrial Machinery |  +114 other locations,15500.0,8.0,1919 (107 yrs old),Industrial Machinery,+114 other locations,bangalore
Oyo Rooms,3.1,Internet |  +121 other locations,14400.0,127.0,2012 (14 yrs old),Internet,+121 other locations,bangalore
Pidilite Industries,4.2,Chemicals |  +312 other locations,11400.0,3.0,,Chemicals,+312 other locations,bangalore
Alembic Pharmaceuticals,3.9,Pharma |  +187 other locations,15300.0,72.0,1907 (119 yrs old),Pharma,+187 other locations,bangalore
Reliance Communications,4.0,Telecom |  +467 other locations,9600.0,76.0,2002 (24 yrs old),Telecom,+467 other locations,bangalore
Bank of America,4.1,Banking |  +35 other locations,28100.0,76.0,1998 (28 yrs old),Banking,+35 other locations,bangalore
Carelon Global Solutions,3.9,IT Services & Consulting |  +21 other locations,26600.0,19.0,10k-50k,IT Services & Consulting,+21 other locations,bangalore
Publicis Sapient,3.4,IT Services & Consulting |  +46 other locations,30900.0,254.0,,IT Services & Consulting,+46 other locations,bangalore
Viatris,4.1,Pharma |  +81 other locations,14200.0,4.0,,Pharma,+81 other locations,bangalore
PVR INOX,3.9,Media & Entertainment |  +150 other locations,23900.0,76.0,,Media & Entertainment,+150 other locations,bangalore
Subros,3.8,Auto Components |  +88 other locations,12500.0,1.0,1985 (41 yrs old),Auto Components,+88 other locations,bangalore
American Express,4.1,Financial Services |  +53 other locations,24400.0,149.0,1850 (176 yrs old),Financial Services,+53 other locations,bangalore
XpressBees,4.2,Logistics |  +474 other locations,8200.0,10.0,2015 (11 yrs old),Logistics,+474 other locations,bangalore
Automatic Data Processing (ADP),3.9,Software Product |  +40 other locations,23900.0,76.0,,Software Product,+40 other locations,bangalore
PNB MetLife,3.4,Insurance |  +423 other locations,8000.0,15.0,2001 (25 yrs old),Insurance,+423 other locations,bangalore
Kyndryl,3.9,IT Services & Consulting |  +37 other locations,26100.0,35.0,,IT Services & Consulting,+37 other locations,bangalore
Escorts Kubota Limited,4.1,Automobile |  +155 other locations,13300.0,3.0,,Automobile,+155 other locations,bangalore
Aditya Birla Sun Life Insurance,4.0,Insurance |  +488 other locations,9900.0,76.0,2000 (26 yrs old),Insurance,+488 other locations,bangalore
Grasim Industries,4.0,Building Material |  +241 other locations,12700.0,4.0,1947 (79 yrs old),Building Material,+241 other locations,bangalore
Aditya Birla Capital,3.8,NBFC |  +338 other locations,14300.0,3.0,2017 (9 yrs old),NBFC,+338 other locations,bangalore
Maersk,4.0,Logistics |  +49 other locations,18900.0,32.0,,Logistics,+49 other locations,bangalore
Synechron,3.5,IT Services & Consulting |  +32 other locations,27900.0,61.0,2001 (25 yrs old),IT Services & Consulting,+32 other locations,bangalore
Glenmark Pharmaceuticals,3.8,Pharma |  +184 other locations,12100.0,125.0,1977 (49 yrs old),Pharma,+184 other locations,bangalore
Birlasoft,3.5,IT Services & Consulting |  +50 other locations,29700.0,475.0,1995 (31 yrs old),IT Services & Consulting,+50 other locations,bangalore
Dabur,3.8,FMCG |  +320 other locations,8800.0,22.0,1884 (142 yrs old),FMCG,+320 other locations,bangalore
Godrej & Boyce Manufacturing,3.9,Consumer Electronics & Appliances |  +165 other locations,23900.0,76.0,,Consumer Electronics & Appliances,+165 other locations,bangalore
Samvardhana Motherson Group,3.7,Auto Components |  +93 other locations,12000.0,11.0,1986 (40 yrs old),Auto Components,+93 other locations,bangalore
Altruist Technologies,4.4,BPO |  +45 other locations,8200.0,8.0,2005 (21 yrs old),BPO,+45 other locations,bangalore
Cogent E Services,3.2,BPO |  +55 other locations,10300.0,1.0,2004 (22 yrs old),BPO,+55 other locations,bangalore
Sodexo,4.0,Facility Management Services |  +156 other locations,9700.0,1100.0,1966 (60 yrs old),Facility Management Services,+156 other locations,bangalore
JK Cement,4.0,Building Material |  +327 other locations,9800.0,1.0,1975 (51 yrs old),Building Material,+327 other locations,bangalore
TCS,3.3,IT Services & Consulting | Chennai +439 other locations,970000.0,2000.0,1968 (58 yrs old),IT Services & Consulting,Chennai +439 other locations,chennai
Accenture,3.7,IT Services & Consulting | Chennai +255 other locations,650000.0,31900.0,1989 (37 yrs old),IT Services & Consulting,Chennai +255 other locations,chennai
Wipro,3.6,IT Services & Consulting | Chennai +370 other locations,480000.0,6500.0,1945 (81 yrs old),IT Services & Consulting,Chennai +370 other locations,chennai
Cognizant,3.6,IT Services & Consulting | Chennai +229 other locations,600000.0,730.0,1994 (32 yrs old),IT Services & Consulting,Chennai +229 other locations,chennai
Capgemini,3.7,IT Services & Consulting | Chennai +184 other locations,470000.0,1900.0,1967 (59 yrs old),IT Services & Consulting,Chennai +184 other locations,chennai
HDFC Bank,3.8,Banking | Chennai +1821 other locations,150000.0,266.0,1994 (32 yrs old),Banking,Chennai +1821 other locations,chennai
Infosys,3.5,IT Services & Consulting | Chennai +246 other locations,520000.0,2700.0,,IT Services & Consulting,Chennai +246 other locations,chennai
ICICI Bank,4.0,Banking | Chennai +1438 other locations,150000.0,22.0,1994 (32 yrs old),Banking,Chennai +1438 other locations,chennai
HCLTech,3.4,IT Services & Consulting | Chennai +226 other locations,370000.0,165.0,,IT Services & Consulting,Chennai +226 other locations,chennai
Tech Mahindra,3.4,IT Services & Consulting | Chennai +331 other locations,280000.0,382.0,1986 (40 yrs old),IT Services & Consulting,Chennai +331 other locations,chennai
Genpact,3.6,IT Services & Consulting | Chennai +182 other locations,230000.0,843.0,1997 (29 yrs old),IT Services & Consulting,Chennai +182 other locations,chennai
Teleperformance,3.8,BPO | Chennai +254 other locations,95800.0,1300.0,1978 (48 yrs old),BPO,Chennai +254 other locations,chennai
Axis Bank,3.6,Banking | Chennai +1498 other locations,100000.0,217.0,1993 (33 yrs old),Banking,Chennai +1498 other locations,chennai
Jio,4.4,Telecom | Chennai +1893 other locations,62000.0,3.0,2018 (8 yrs old),Telecom,Chennai +1893 other locations,chennai
Concentrix Corporation,3.6,BPO | Chennai +177 other locations,130000.0,82.0,1983 (43 yrs old),BPO,Chennai +177 other locations,chennai
Amazon,3.9,Internet | Chennai +518 other locations,150000.0,1600.0,1994 (32 yrs old),Internet,Chennai +518 other locations,chennai
iEnergizer,4.6,BPO | Chennai +52 other locations,23900.0,68.0,,BPO,Chennai +52 other locations,chennai
Reliance Retail,3.9,Retail | Chennai +1150 other locations,74700.0,152.0,2006 (20 yrs old),Retail,Chennai +1150 other locations,chennai
LTIMindtree,3.6,IT Services & Consulting | Chennai +146 other locations,190000.0,450.0,1997 (29 yrs old),IT Services & Consulting,Chennai +146 other locations,chennai
IBM,3.9,IT Services & Consulting | Chennai +160 other locations,210000.0,813.0,1911 (115 yrs old),IT Services & Consulting,Chennai +160 other locations,chennai
HDB Financial Services,3.9,NBFC | Chennai +1090 other locations,50200.0,203.0,2007 (19 yrs old),NBFC,Chennai +1090 other locations,chennai
Larsen & Toubro Limited,3.9,Engineering & Construction | Chennai +754 other locations,23900.0,74.5,,Engineering & Construction,Chennai +754 other locations,chennai
Deloitte,3.7,Management Consulting | Chennai +187 other locations,250000.0,1500.0,1845 (181 yrs old),Management Consulting,Chennai +187 other locations,chennai
Kotak Mahindra Bank,3.6,Banking | Chennai +681 other locations,87000.0,80.0,,Banking,Chennai +681 other locations,chennai
Reliance Industries,4.0,Oil & Gas | Chennai +812 other locations,72400.0,58.0,1977 (49 yrs old),Oil & Gas,Chennai +812 other locations,chennai
Vodafone Idea,3.9,Telecom | Chennai +704 other locations,50300.0,30.0,2018 (8 yrs old),Telecom,Chennai +704 other locations,chennai
Bharti Airtel,3.8,Telecom | Chennai +789 other locations,49000.0,120.0,1952 (74 yrs old),Telecom,Chennai +789 other locations,chennai
BYJU'S,3.2,EdTech | Chennai +321 other locations,53600.0,74.5,2011 (15 yrs old),EdTech,Chennai +321 other locations,chennai
WNS,3.3,IT Services & Consulting | Chennai +65 other locations,69800.0,83.0,1996 (30 yrs old),IT Services & Consulting,Chennai +65 other locations,chennai
Tata Motors,4.1,Automobile | Chennai +506 other locations,42500.0,172.0,1945 (81 yrs old),Automobile,Chennai +506 other locations,chennai
IDFC FIRST Bank,3.9,Banking | Chennai +712 other locations,48500.0,32.0,,Banking,Chennai +712 other locations,chennai
Ernst & Young,3.4,Management Consulting | Chennai +132 other locations,23900.0,74.5,,Management Consulting,Chennai +132 other locations,chennai
IndusInd Bank,3.4,Banking | Chennai +788 other locations,51700.0,141.0,,Banking,Chennai +788 other locations,chennai
AU Small Finance Bank,3.9,Banking | Chennai +783 other locations,28700.0,44.0,1996 (30 yrs old),Banking,Chennai +783 other locations,chennai
Flipkart,3.9,Internet | Chennai +560 other locations,53900.0,179.0,2007 (19 yrs old),Internet,Chennai +560 other locations,chennai
Bajaj Finserv,3.9,NBFC | Chennai +1162 other locations,30000.0,4.0,2007 (19 yrs old),NBFC,Chennai +1162 other locations,chennai
Muthoot FinCorp,4.5,NBFC | Chennai +1087 other locations,9000.0,43.0,,NBFC,Chennai +1087 other locations,chennai
PwC,3.3,Management Consulting | Chennai +133 other locations,120000.0,899.0,1880 (146 yrs old),Management Consulting,Chennai +133 other locations,chennai
Mahindra & Mahindra,4.0,Automobile | Chennai +562 other locations,23900.0,74.5,,Automobile,Chennai +562 other locations,chennai
DXC Technology,3.6,IT Services & Consulting | Chennai +133 other locations,72800.0,198.0,2017 (9 yrs old),IT Services & Consulting,Chennai +133 other locations,chennai
Infosys BPM,3.5,BPO | Chennai +95 other locations,72500.0,98.0,2002 (24 yrs old),BPO,Chennai +95 other locations,chennai
HDFC Life,3.9,Insurance | Chennai +698 other locations,32900.0,119.0,,Insurance,Chennai +698 other locations,chennai
Bandhan Bank,3.7,Banking | Chennai +995 other locations,25300.0,13.0,,Banking,Chennai +995 other locations,chennai
Conneqt Business Solutions,3.6,BPO | Chennai +266 other locations,26400.0,361.0,2002 (24 yrs old),BPO,Chennai +266 other locations,chennai
Mphasis,3.3,IT Services & Consulting | Chennai +63 other locations,73200.0,47.0,1998 (28 yrs old),IT Services & Consulting,Chennai +63 other locations,chennai
Yes Bank,3.7,Banking | Chennai +540 other locations,43400.0,141.0,2004 (22 yrs old),Banking,Chennai +540 other locations,chennai
Tata Steel,4.0,Iron & Steel | Chennai +228 other locations,33800.0,74.5,1907 (119 yrs old),Iron & Steel,Chennai +228 other locations,chennai
Quess,3.8,Recruitment | Chennai +740 other locations,30500.0,9.0,2007 (19 yrs old),Recruitment,Chennai +740 other locations,chennai
Maruti Suzuki,4.2,Automobile | Chennai +451 other locations,28400.0,61.0,1981 (45 yrs old),Automobile,Chennai +451 other locations,chennai
Startek,3.1,BPO | Chennai +105 other locations,24400.0,130.0,2017 (9 yrs old),BPO,Chennai +105 other locations,chennai
Asian Paints,4.0,Chemicals | Chennai +547 other locations,25200.0,66.0,,Chemicals,Chennai +547 other locations,chennai
UltraTech Cement,4.1,Building Material | Chennai +534 other locations,24300.0,27.0,1983 (43 yrs old),Building Material,Chennai +534 other locations,chennai
Paytm,3.2,FinTech | Chennai +418 other locations,33900.0,718.0,,FinTech,Chennai +418 other locations,chennai
Shriram Finance,4.0,NBFC | Chennai +1109 other locations,15300.0,8.0,1979 (47 yrs old),NBFC,Chennai +1109 other locations,chennai
Bajaj Finance,3.9,NBFC | Chennai +965 other locations,22700.0,7000.0,1987 (39 yrs old),NBFC,Chennai +965 other locations,chennai
Equitas Small Finance Bank,4.4,Banking | Chennai +479 other locations,13400.0,15.0,,Banking,Chennai +479 other locations,chennai
Sutherland Global Services,3.4,BPO | Chennai +82 other locations,34400.0,250.0,,BPO,Chennai +82 other locations,chennai
EXL Service,3.6,Analytics & KPO | Chennai +63 other locations,44100.0,1500.0,,Analytics & KPO,Chennai +63 other locations,chennai
Cipla,4.1,Pharma | Chennai +291 other locations,26000.0,66.0,1935 (91 yrs old),Pharma,Chennai +291 other locations,chennai
Samsung,3.9,Consumer Electronics & Appliances | Chennai +578 other locations,26200.0,27.0,1969 (57 yrs old),Consumer Electronics & Appliances,Chennai +578 other locations,chennai
Ericsson,3.9,Telecom | Chennai +162 other locations,42500.0,70.0,,Telecom,Chennai +162 other locations,chennai
Wells Fargo,3.7,Financial Services | Chennai +28 other locations,55200.0,169.0,,Financial Services,Chennai +28 other locations,chennai
Dr. Reddy's,4.0,Pharma | Chennai +214 other locations,23900.0,74.5,,Pharma,Chennai +214 other locations,chennai
Optum Global Solutions,4.0,IT Services & Consulting | Chennai +68 other locations,48400.0,73.0,2002 (24 yrs old),IT Services & Consulting,Chennai +68 other locations,chennai
Delhivery,3.8,Logistics | Chennai +752 other locations,21300.0,179.0,2011 (15 yrs old),Logistics,Chennai +752 other locations,chennai
ICICI Prudential Life Insurance,4.0,Insurance | Chennai +505 other locations,22500.0,513.0,2000 (26 yrs old),Insurance,Chennai +505 other locations,chennai
JPMorgan Chase & Co.,3.8,Financial Services | Chennai +55 other locations,23900.0,74.5,,Financial Services,Chennai +55 other locations,chennai
JSW Steel,3.9,Iron & Steel | Chennai +193 other locations,30400.0,108.0,1982 (44 yrs old),Iron & Steel,Chennai +193 other locations,chennai
HGS,3.7,BPO | Chennai +121 other locations,20900.0,18.0,2000 (26 yrs old),BPO,Chennai +121 other locations,chennai
Jana Small Finance Bank,3.8,Banking | Chennai +419 other locations,14200.0,54.0,2006 (20 yrs old),Banking,Chennai +419 other locations,chennai
Sun Pharmaceutical Industries,4.1,Pharma | Chennai +265 other locations,23500.0,287.0,,Pharma,Chennai +265 other locations,chennai
Ujjivan Small Finance Bank,4.0,Banking | Chennai +533 other locations,12800.0,136.0,2017 (9 yrs old),Banking,Chennai +533 other locations,chennai
Hexaware Technologies,3.4,IT Services & Consulting | Chennai +67 other locations,53100.0,636.0,1990 (36 yrs old),IT Services & Consulting,Chennai +67 other locations,chennai
Amazon Development Centre India,3.8,Internet | Chennai +146 other locations,23900.0,74.5,,Internet,Chennai +146 other locations,chennai
Lupin,4.1,Pharma | Chennai +202 other locations,22500.0,33.0,,Pharma,Chennai +202 other locations,chennai
Zydus Lifesciences,3.9,Pharma | Chennai +177 other locations,19900.0,21.0,1952 (74 yrs old),Pharma,Chennai +177 other locations,chennai
L&T Construction,4.0,Engineering & Construction | Chennai +433 other locations,23900.0,74.5,,Engineering & Construction,Chennai +433 other locations,chennai
Ekart Logistics,3.9,Logistics | Chennai +737 other locations,15800.0,74.5,2009 (17 yrs old),Logistics,Chennai +737 other locations,chennai
Hindustan Unilever,4.2,FMCG | Chennai +531 other locations,20000.0,48.0,1872 (154 yrs old),FMCG,Chennai +531 other locations,chennai
KPMG India,3.4,Management Consulting | Chennai +111 other locations,64700.0,63.0,1993 (33 yrs old),Management Consulting,Chennai +111 other locations,chennai
ITC,3.9,FMCG | Chennai +375 other locations,24400.0,77.0,1910 (116 yrs old),FMCG,Chennai +375 other locations,chennai
Axis Max Life Insurance,4.0,Insurance | Chennai +494 other locations,20000.0,143.0,2000 (26 yrs old),Insurance,Chennai +494 other locations,chennai
Megha Engineering & Infrastructures,3.9,Engineering & Construction | Chennai +405 other locations,23900.0,74.5,,Engineering & Construction,Chennai +405 other locations,chennai
Tata Projects,4.2,Engineering & Construction | Chennai +285 other locations,22100.0,29.0,,Engineering & Construction,Chennai +285 other locations,chennai
Coforge,3.2,IT Services & Consulting | Chennai +104 other locations,48500.0,128.0,,IT Services & Consulting,Chennai +104 other locations,chennai
FIS,3.8,FinTech | Chennai +61 other locations,38700.0,122.0,,FinTech,Chennai +61 other locations,chennai
L&T Technology Services,3.1,IT Services & Consulting | Chennai +93 other locations,23900.0,74.5,,IT Services & Consulting,Chennai +93 other locations,chennai
Bajaj Life Insurance,3.9,Insurance | Chennai +607 other locations,23900.0,74.5,,Insurance,Chennai +607 other locations,chennai
Cholamandalam Investment & Finance,3.8,Financial Services | Chennai +840 other locations,23900.0,74.5,,Financial Services,Chennai +840 other locations,chennai
IIFL Finance,4.0,NBFC | Chennai +801 other locations,14200.0,73.0,1995 (31 yrs old),NBFC,Chennai +801 other locations,chennai
Oracle,3.5,Software Product | Chennai +56 other locations,62500.0,1200.0,1977 (49 yrs old),Software Product,Chennai +56 other locations,chennai
Indian Army,4.7,Defence & Aerospace | Chennai +364 other locations,9600.0,74.5,1895 (131 yrs old),Defence & Aerospace,Chennai +364 other locations,chennai
Omega Healthcare,3.8,BPO | Chennai +69 other locations,26200.0,129.0,2003 (23 yrs old),BPO,Chennai +69 other locations,chennai
Muthoot Finance,3.7,NBFC | Chennai +783 other locations,13000.0,93.0,,NBFC,Chennai +783 other locations,chennai
JLL,4.1,Real Estate | Chennai +85 other locations,24200.0,241.0,1999 (27 yrs old),Real Estate,Chennai +85 other locations,chennai
HCL Group,3.5,IT Services & Consulting | Chennai +97 other locations,370000.0,165.0,,IT Services & Consulting,Chennai +97 other locations,chennai
Piramal Finance,4.2,NBFC | Chennai +424 other locations,12700.0,5.0,10k-50k,NBFC,Chennai +424 other locations,chennai
Virtusa Consulting Services,3.7,IT Services & Consulting | Chennai +55 other locations,56300.0,1300.0,1996 (30 yrs old),IT Services & Consulting,Chennai +55 other locations,chennai
DMart,3.9,Retail | Chennai +246 other locations,18500.0,177.0,2002 (24 yrs old),Retail,Chennai +246 other locations,chennai
HSBC Group,3.9,Financial Services | Chennai +63 other locations,42600.0,130.0,1865 (161 yrs old),Financial Services,Chennai +63 other locations,chennai
Indiamart Intermesh,3.5,Internet | Chennai +173 other locations,20000.0,532.0,1996 (30 yrs old),Internet,Chennai +173 other locations,chennai
Udaan,3.9,Internet | Chennai +368 other locations,15600.0,5.0,,Internet,Chennai +368 other locations,chennai
SMFG India Credit,3.9,NBFC | Chennai +594 other locations,11000.0,81.0,2007 (19 yrs old),NBFC,Chennai +594 other locations,chennai
Aurobindo Pharma,4.0,Pharma | Chennai +115 other locations,20700.0,23.0,1986 (40 yrs old),Pharma,Chennai +115 other locations,chennai
Access Healthcare,3.7,BPO | Chennai +64 other locations,28400.0,503.0,2011 (15 yrs old),BPO,Chennai +64 other locations,chennai
Siemens,3.9,Industrial Automation | Chennai +152 other locations,33500.0,134.0,,Industrial Automation,Chennai +152 other locations,chennai
BigBasket,3.9,Internet | Chennai +138 other locations,19100.0,104.0,,Internet,Chennai +138 other locations,chennai
Manappuram Finance,3.9,NBFC | Chennai +649 other locations,9100.0,6.0,1949 (77 yrs old),NBFC,Chennai +649 other locations,chennai
Firstsource Solutions,3.5,BPO | Chennai +74 other locations,24000.0,139.0,2001 (25 yrs old),BPO,Chennai +74 other locations,chennai
Shapoorji Pallonji Group,4.1,Engineering & Construction | Chennai +188 other locations,23900.0,74.5,,Engineering & Construction,Chennai +188 other locations,chennai
Tata Capital,4.0,NBFC | Chennai +438 other locations,15700.0,3100.0,2007 (19 yrs old),NBFC,Chennai +438 other locations,chennai
GlobalLogic,3.5,IT Services & Consulting | Chennai +60 other locations,40500.0,46.0,2000 (26 yrs old),IT Services & Consulting,Chennai +60 other locations,chennai
ICICI Lombard General Insurance Company,3.5,Insurance | Chennai +311 other locations,23900.0,74.5,,Insurance,Chennai +311 other locations,chennai
Standard Chartered,3.6,Banking | Chennai +68 other locations,42000.0,74.5,1853 (173 yrs old),Banking,Chennai +68 other locations,chennai
Mahindra Finance,3.9,NBFC | Chennai +730 other locations,12000.0,390.0,1991 (35 yrs old),NBFC,Chennai +730 other locations,chennai
PolicyBazaar,3.7,Internet | Chennai +149 other locations,17100.0,434.0,,Internet,Chennai +149 other locations,chennai
Bosch Global Software Technologies,3.7,IT Services & Consulting | Chennai +47 other locations,39900.0,14.0,1997 (29 yrs old),IT Services & Consulting,Chennai +47 other locations,chennai
Apollo Hospitals,4.1,Healthcare | Chennai +229 other locations,16400.0,168.0,1983 (43 yrs old),Healthcare,Chennai +229 other locations,chennai
UST,3.7,IT Services & Consulting | Chennai +50 other locations,39400.0,142.0,,IT Services & Consulting,Chennai +50 other locations,chennai
Ashok Leyland,4.0,Automobile | Chennai +259 other locations,18700.0,74.5,1948 (78 yrs old),Automobile,Chennai +259 other locations,chennai
Citicorp,3.7,Financial Services | Chennai +68 other locations,51900.0,74.5,1997 (29 yrs old),Financial Services,Chennai +68 other locations,chennai
Swiggy,3.7,Internet | Chennai +230 other locations,22800.0,281.0,2014 (12 yrs old),Internet,Chennai +230 other locations,chennai
Hero MotoCorp,4.1,Automobile | Chennai +365 other locations,15700.0,74.5,1984 (42 yrs old),Automobile,Chennai +365 other locations,chennai
Cyient,3.6,IT Services & Consulting | Chennai +48 other locations,27300.0,78.0,1991 (35 yrs old),IT Services & Consulting,Chennai +48 other locations,chennai
CGI Group,4.0,IT Services & Consulting | Chennai +43 other locations,45200.0,655.0,1976 (50 yrs old),IT Services & Consulting,Chennai +43 other locations,chennai
SBI Cards & Payment Services,3.6,Financial Services | Chennai +435 other locations,23900.0,74.5,,Financial Services,Chennai +435 other locations,chennai
Kalpataru Projects International,4.2,Engineering & Construction | Chennai +321 other locations,13600.0,1.0,1981 (45 yrs old),Engineering & Construction,Chennai +321 other locations,chennai
JustDial,3.5,Internet | Chennai +229 other locations,15400.0,53.0,1996 (30 yrs old),Internet,Chennai +229 other locations,chennai
BNY,3.7,Financial Services | Chennai +25 other locations,30600.0,1.0,1784 (242 yrs old),Financial Services,Chennai +25 other locations,chennai
IQVIA,3.7,Clinical Research | Chennai +63 other locations,30600.0,20.0,10k-50k,Clinical Research,Chennai +63 other locations,chennai
NTT Data,3.8,IT Services & Consulting | Chennai +79 other locations,35700.0,181.0,1988 (38 yrs old),IT Services & Consulting,Chennai +79 other locations,chennai
Nagarjuna Construction Company,4.0,Engineering & Construction | Chennai +295 other locations,12000.0,11.0,1998 (28 yrs old),Engineering & Construction,Chennai +295 other locations,chennai
CBRE,4.1,Real Estate | Chennai +91 other locations,18700.0,19.0,1906 (120 yrs old),Real Estate,Chennai +91 other locations,chennai
SBI Life Insurance Company,3.7,Insurance | Chennai +655 other locations,11700.0,6.0,2001 (25 yrs old),Insurance,Chennai +655 other locations,chennai
TVS Motor,3.9,Automobile | Chennai +349 other locations,15800.0,64.0,1979 (47 yrs old),Automobile,Chennai +349 other locations,chennai
Schneider Electric,4.2,Industrial Automation | Chennai +119 other locations,24400.0,24.0,1999 (27 yrs old),Industrial Automation,Chennai +119 other locations,chennai
Persistent Systems,3.6,IT Services & Consulting | Chennai +41 other locations,44400.0,235.0,,IT Services & Consulting,Chennai +41 other locations,chennai
State Bank of India,3.8,Banking | Chennai +618 other locations,11600.0,10.0,1806 (220 yrs old),Banking,Chennai +618 other locations,chennai
Atos,3.8,IT Services & Consulting | Chennai +49 other locations,34100.0,91.0,2000 (26 yrs old),IT Services & Consulting,Chennai +49 other locations,chennai
vivo,4.1,Consumer Electronics & Appliances | Chennai +414 other locations,12900.0,11.0,2009 (17 yrs old),Consumer Electronics & Appliances,Chennai +414 other locations,chennai
Ecom Express,4.0,Logistics | Chennai +775 other locations,9500.0,74.5,2012 (14 yrs old),Logistics,Chennai +775 other locations,chennai
Eviden,3.6,IT Services & Consulting | Chennai +39 other locations,28000.0,8.0,1k-5k,IT Services & Consulting,Chennai +39 other locations,chennai
KEC International,4.0,Engineering & Construction | Chennai +313 other locations,13300.0,6.0,1945 (81 yrs old),Engineering & Construction,Chennai +313 other locations,chennai
Amdocs,3.6,Software Product | Chennai +23 other locations,37400.0,11.0,1982 (44 yrs old),Software Product,Chennai +23 other locations,chennai
JBM Group,3.9,Auto Components | Chennai +117 other locations,13900.0,45.0,,Auto Components,Chennai +117 other locations,chennai
Nagarro,3.9,IT Services & Consulting | Chennai +49 other locations,32000.0,945.0,1996 (30 yrs old),IT Services & Consulting,Chennai +49 other locations,chennai
Varun Beverages,4.0,Beverage | Chennai +379 other locations,12000.0,41.0,1995 (31 yrs old),Beverage,Chennai +379 other locations,chennai
ITC Infotech,3.7,IT Services & Consulting | Chennai +67 other locations,29500.0,78.0,2000 (26 yrs old),IT Services & Consulting,Chennai +67 other locations,chennai
Home Credit Finance,4.0,NBFC | Chennai +136 other locations,9400.0,96.0,2012 (14 yrs old),NBFC,Chennai +136 other locations,chennai
Bosch,4.1,Auto Components | Chennai +130 other locations,20700.0,74.5,1886 (140 yrs old),Auto Components,Chennai +130 other locations,chennai
Randstad,3.7,Recruitment | Chennai +352 other locations,16400.0,8.0,1992 (34 yrs old),Recruitment,Chennai +352 other locations,chennai
EY Global Delivery Services ( EY GDS),3.5,IT Services & Consulting | Chennai +56 other locations,23900.0,74.5,,IT Services & Consulting,Chennai +56 other locations,chennai
Hewlett Packard Enterprise,4.1,IT Services & Consulting | Chennai +103 other locations,27100.0,220.0,2015 (11 yrs old),IT Services & Consulting,Chennai +103 other locations,chennai
Utkarsh Small Finance Bank,3.6,Banking | Chennai +407 other locations,10800.0,26.0,2009 (17 yrs old),Banking,Chennai +407 other locations,chennai
Aditya Birla Fashion and Retail,4.1,Fashion & Textile | Chennai +291 other locations,13100.0,76.0,,Fashion & Textile,Chennai +291 other locations,chennai
Mahindra Logistics,3.7,Logistics | Chennai +233 other locations,280000.0,382.0,1986 (40 yrs old),Logistics,Chennai +233 other locations,chennai
L&T Finance,3.9,NBFC | Chennai +634 other locations,23900.0,74.5,,NBFC,Chennai +634 other locations,chennai
OPPO,3.9,Consumer Electronics & Appliances | Chennai +410 other locations,11800.0,10.0,2004 (22 yrs old),Consumer Electronics & Appliances,Chennai +410 other locations,chennai
Dell,3.8,Consumer Electronics & Appliances | Chennai +117 other locations,28700.0,16.0,1984 (42 yrs old),Consumer Electronics & Appliances,Chennai +117 other locations,chennai
CARS24,3.4,Internet | Chennai +173 other locations,23900.0,74.5,,Internet,Chennai +173 other locations,chennai
Havells,3.9,Electrical Equipment | Chennai +260 other locations,15500.0,34.0,1983 (43 yrs old),Electrical Equipment,Chennai +260 other locations,chennai
Intas Pharmaceuticals,4.1,Pharma | Chennai +148 other locations,17300.0,54.0,1977 (49 yrs old),Pharma,Chennai +148 other locations,chennai
R1 RCM,3.8,BPO | Chennai +46 other locations,21100.0,163.0,2007 (19 yrs old),BPO,Chennai +46 other locations,chennai
Tata AIA Life Insurance,3.9,Insurance | Chennai +442 other locations,14100.0,680.0,2001 (25 yrs old),Insurance,Chennai +442 other locations,chennai
Hyundai Motor India Limited,4.1,Automobile | Chennai +287 other locations,13800.0,3.0,1967 (59 yrs old),Automobile,Chennai +287 other locations,chennai
Deutsche Bank,3.8,Banking | Chennai +42 other locations,36000.0,391.0,1870 (156 yrs old),Banking,Chennai +42 other locations,chennai
Hetero,3.9,Pharma | Chennai +67 other locations,15000.0,141.0,,Pharma,Chennai +67 other locations,chennai
Motilal Oswal Financial Services,3.7,Financial Services | Chennai +168 other locations,12900.0,45.0,,Financial Services,Chennai +168 other locations,chennai
Team Lease,3.9,Recruitment | Chennai +397 other locations,16000.0,74.5,2016 (10 yrs old),Recruitment,Chennai +397 other locations,chennai
Berger Paints,3.7,Chemicals | Chennai +353 other locations,10000.0,131.0,,Chemicals,Chennai +353 other locations,chennai
VE Commercial Vehicles,3.9,Automobile | Chennai +179 other locations,14100.0,8.0,2008 (18 yrs old),Automobile,Chennai +179 other locations,chennai
Lenskart,3.3,Internet | Chennai +240 other locations,13200.0,128.0,,Internet,Chennai +240 other locations,chennai
Thermax Limited,4.2,Industrial Machinery | Chennai +251 other locations,23900.0,74.5,,Industrial Machinery,Chennai +251 other locations,chennai
Bajaj Auto,3.8,Automobile | Chennai +317 other locations,14500.0,74.5,1945 (81 yrs old),Automobile,Chennai +317 other locations,chennai
Macleods Pharmaceuticals,3.7,Pharma | Chennai +133 other locations,15500.0,10.0,1986 (40 yrs old),Pharma,Chennai +133 other locations,chennai
Aakash Educational Services,3.2,Education & Training | Chennai +244 other locations,13600.0,71.0,1988 (38 yrs old),Education & Training,Chennai +244 other locations,chennai
Jubilant Foods Works,3.7,Hospitality | Chennai +261 other locations,9200.0,192.0,1995 (31 yrs old),Hospitality,Chennai +261 other locations,chennai
LG Electronics,3.9,Consumer Electronics & Appliances | Chennai +298 other locations,11000.0,74.5,1958 (68 yrs old),Consumer Electronics & Appliances,Chennai +298 other locations,chennai
Royal Enfield,4.2,Automobile | Chennai +372 other locations,14800.0,20.0,1901 (125 yrs old),Automobile,Chennai +372 other locations,chennai
Hindalco Industries,4.2,Metals & Mining | Chennai +127 other locations,12400.0,4.0,1958 (68 yrs old),Metals & Mining,Chennai +127 other locations,chennai
Jindal Steel Limited,3.9,Iron & Steel | Chennai +172 other locations,15400.0,31.0,1979 (47 yrs old),Iron & Steel,Chennai +172 other locations,chennai
John Deere,4.0,Industrial Machinery | Chennai +155 other locations,15200.0,1.0,2001 (25 yrs old),Industrial Machinery,Chennai +155 other locations,chennai
Tata Communications,3.9,Telecom | Chennai +102 other locations,23500.0,33.0,1986 (40 yrs old),Telecom,Chennai +102 other locations,chennai
HDFC Ergo General Insurance,4.0,Insurance | Chennai +324 other locations,12000.0,10.0,2002 (24 yrs old),Insurance,Chennai +324 other locations,chennai
DCB Bank,3.8,Banking | Chennai +341 other locations,9500.0,11.0,,Banking,Chennai +341 other locations,chennai
State Street Corporation,3.5,Financial Services | Chennai +34 other locations,31400.0,8.0,1792 (234 yrs old),Financial Services,Chennai +34 other locations,chennai
RBL Bank,3.5,Banking | Chennai +284 other locations,18300.0,53.0,1943 (83 yrs old),Banking,Chennai +284 other locations,chennai
Cummins,4.3,Industrial Machinery | Chennai +114 other locations,15500.0,8.0,1919 (107 yrs old),Industrial Machinery,Chennai +114 other locations,chennai
Oyo Rooms,3.1,Internet | Chennai +121 other locations,14400.0,127.0,2012 (14 yrs old),Internet,Chennai +121 other locations,chennai
Pidilite Industries,4.2,Chemicals | Chennai +312 other locations,11400.0,3.0,,Chemicals,Chennai +312 other locations,chennai
Alembic Pharmaceuticals,3.9,Pharma | Chennai +187 other locations,15300.0,72.0,1907 (119 yrs old),Pharma,Chennai +187 other locations,chennai
Reliance Communications,4.0,Telecom | Chennai +467 other locations,9600.0,74.5,2002 (24 yrs old),Telecom,Chennai +467 other locations,chennai
Bank of America,4.1,Banking | Chennai +35 other locations,28100.0,74.5,1998 (28 yrs old),Banking,Chennai +35 other locations,chennai
Carelon Global Solutions,3.9,IT Services & Consulting | Chennai +21 other locations,26600.0,19.0,10k-50k,IT Services & Consulting,Chennai +21 other locations,chennai
Publicis Sapient,3.4,IT Services & Consulting | Chennai +46 other locations,30900.0,254.0,,IT Services & Consulting,Chennai +46 other locations,chennai
PVR INOX,3.9,Media & Entertainment | Chennai +150 other locations,23900.0,74.5,,Media & Entertainment,Chennai +150 other locations,chennai
Viatris,4.1,Pharma | Chennai +80 other locations,14200.0,4.0,,Pharma,Chennai +80 other locations,chennai
Subros,3.8,Auto Components | Chennai +88 other locations,12500.0,1.0,1985 (41 yrs old),Auto Components,Chennai +88 other locations,chennai
American Express,4.1,Financial Services | Chennai +53 other locations,24400.0,149.0,1850 (176 yrs old),Financial Services,Chennai +53 other locations,chennai
XpressBees,4.2,Logistics | Chennai +474 other locations,8200.0,10.0,2015 (11 yrs old),Logistics,Chennai +474 other locations,chennai
Automatic Data Processing (ADP),3.9,Software Product | Chennai +40 other locations,23900.0,74.5,,Software Product,Chennai +40 other locations,chennai
PNB MetLife,3.4,Insurance | Chennai +423 other locations,8000.0,15.0,2001 (25 yrs old),Insurance,Chennai +423 other locations,chennai
Kyndryl,3.9,IT Services & Consulting | Chennai +37 other locations,26100.0,35.0,,IT Services & Consulting,Chennai +37 other locations,chennai
Escorts Kubota Limited,4.1,Automobile | Chennai +155 other locations,13300.0,3.0,,Automobile,Chennai +155 other locations,chennai
Aditya Birla Sun Life Insurance,4.0,Insurance | Chennai +488 other locations,9900.0,74.5,2000 (26 yrs old),Insurance,Chennai +488 other locations,chennai
Grasim Industries,4.0,Building Material | Chennai +241 other locations,12700.0,4.0,1947 (79 yrs old),Building Material,Chennai +241 other locations,chennai
Aditya Birla Capital,3.8,NBFC | Chennai +338 other locations,14300.0,3.0,2017 (9 yrs old),NBFC,Chennai +338 other locations,chennai
Maersk,4.0,Logistics | Chennai +49 other locations,18900.0,32.0,,Logistics,Chennai +49 other locations,chennai
Synechron,3.5,IT Services & Consulting | Chennai +32 other locations,27900.0,61.0,2001 (25 yrs old),IT Services & Consulting,Chennai +32 other locations,chennai
Glenmark Pharmaceuticals,3.8,Pharma | Chennai +184 other locations,12100.0,125.0,1977 (49 yrs old),Pharma,Chennai +184 other locations,chennai
Birlasoft,3.5,IT Services & Consulting | Chennai +50 other locations,29700.0,475.0,1995 (31 yrs old),IT Services & Consulting,Chennai +50 other locations,chennai
Godrej & Boyce Manufacturing,3.9,Consumer Electronics & Appliances | Chennai +165 other locations,23900.0,74.5,,Consumer Electronics & Appliances,Chennai +165 other locations,chennai
Dabur,3.8,FMCG | Chennai +320 other locations,8800.0,22.0,1884 (142 yrs old),FMCG,Chennai +320 other locations,chennai
Samvardhana Motherson Group,3.7,Auto Components | Chennai +93 other locations,12000.0,11.0,1986 (40 yrs old),Auto Components,Chennai +93 other locations,chennai
Altruist Technologies,4.4,BPO | Chennai +45 other locations,8200.0,8.0,2005 (21 yrs old),BPO,Chennai +45 other locations,chennai
JK Cement,4.0,Building Material | Chennai +327 other locations,9800.0,1.0,1975 (51 yrs old),Building Material,Chennai +327 other locations,chennai
Cogent E Services,3.2,BPO | Chennai +55 other locations,10300.0,1.0,2004 (22 yrs old),BPO,Chennai +55 other locations,chennai
Sodexo,4.0,Facility Management Services | Chennai +156 other locations,9700.0,1100.0,1966 (60 yrs old),Facility Management Services,Chennai +156 other locations,chennai
Bharat Electronics,4.2,Electronics Manufacturing | Chennai +87 other locations,12300.0,74.5,1954 (72 yrs old),Electronics Manufacturing,Chennai +87 other locations,chennai
KPIT Technologies,2.9,Software Product | Chennai +44 other locations,22900.0,46.0,1990 (36 yrs old),Software Product,Chennai +44 other locations,chennai
TCS,3.3,IT Services & Consulting | Jaipur +439 other locations,970000.0,2000.0,1968 (58 yrs old),IT Services & Consulting,Jaipur +439 other locations,jaipur
Accenture,3.7,IT Services & Consulting | Jaipur +255 other locations,650000.0,31900.0,1989 (37 yrs old),IT Services & Consulting,Jaipur +255 other locations,jaipur
Wipro,3.6,IT Services & Consulting | Jaipur +370 other locations,480000.0,6500.0,1945 (81 yrs old),IT Services & Consulting,Jaipur +370 other locations,jaipur
Capgemini,3.7,IT Services & Consulting | Jaipur +184 other locations,470000.0,1900.0,1967 (59 yrs old),IT Services & Consulting,Jaipur +184 other locations,jaipur
HDFC Bank,3.8,Banking | Jaipur +1821 other locations,150000.0,267.0,1994 (32 yrs old),Banking,Jaipur +1821 other locations,jaipur
Infosys,3.5,IT Services & Consulting | Jaipur +246 other locations,520000.0,2700.0,,IT Services & Consulting,Jaipur +246 other locations,jaipur
ICICI Bank,4.0,Banking | Jaipur +1438 other locations,150000.0,22.0,1994 (32 yrs old),Banking,Jaipur +1438 other locations,jaipur
HCLTech,3.4,IT Services & Consulting | Jaipur +226 other locations,370000.0,165.0,,IT Services & Consulting,Jaipur +226 other locations,jaipur
Tech Mahindra,3.4,IT Services & Consulting | Jaipur +331 other locations,280000.0,382.0,1986 (40 yrs old),IT Services & Consulting,Jaipur +331 other locations,jaipur
Genpact,3.6,IT Services & Consulting | Jaipur +182 other locations,230000.0,851.0,1997 (29 yrs old),IT Services & Consulting,Jaipur +182 other locations,jaipur
Teleperformance,3.8,BPO | Jaipur +254 other locations,95800.0,1300.0,1978 (48 yrs old),BPO,Jaipur +254 other locations,jaipur
Axis Bank,3.6,Banking | Jaipur +1498 other locations,100000.0,217.0,1993 (33 yrs old),Banking,Jaipur +1498 other locations,jaipur
Jio,4.4,Telecom | Jaipur +1893 other locations,62000.0,3.0,2018 (8 yrs old),Telecom,Jaipur +1893 other locations,jaipur
Concentrix Corporation,3.6,BPO | Jaipur +177 other locations,130000.0,82.0,1983 (43 yrs old),BPO,Jaipur +177 other locations,jaipur
Amazon,3.9,Internet | Jaipur +518 other locations,150000.0,1600.0,1994 (32 yrs old),Internet,Jaipur +518 other locations,jaipur
iEnergizer,4.6,BPO | Jaipur +52 other locations,23900.0,68.0,,BPO,Jaipur +52 other locations,jaipur
Reliance Retail,3.9,Retail | Jaipur +1150 other locations,74700.0,152.0,2006 (20 yrs old),Retail,Jaipur +1150 other locations,jaipur
LTIMindtree,3.6,IT Services & Consulting | Jaipur +146 other locations,190000.0,450.0,1997 (29 yrs old),IT Services & Consulting,Jaipur +146 other locations,jaipur
IBM,3.9,IT Services & Consulting | Jaipur +160 other locations,210000.0,813.0,1911 (115 yrs old),IT Services & Consulting,Jaipur +160 other locations,jaipur
HDB Financial Services,3.9,NBFC | Jaipur +1090 other locations,50200.0,203.0,2007 (19 yrs old),NBFC,Jaipur +1090 other locations,jaipur
Larsen & Toubro Limited,3.9,Engineering & Construction | Jaipur +754 other locations,20000.0,70.5,,Engineering & Construction,Jaipur +754 other locations,jaipur
Deloitte,3.7,Management Consulting | Jaipur +187 other locations,250000.0,1500.0,1845 (181 yrs old),Management Consulting,Jaipur +187 other locations,jaipur
Kotak Mahindra Bank,3.6,Banking | Jaipur +681 other locations,87000.0,80.0,,Banking,Jaipur +681 other locations,jaipur
Reliance Industries,4.0,Oil & Gas | Jaipur +812 other locations,72400.0,58.0,1977 (49 yrs old),Oil & Gas,Jaipur +812 other locations,jaipur
Vodafone Idea,3.9,Telecom | Jaipur +704 other locations,50300.0,30.0,2018 (8 yrs old),Telecom,Jaipur +704 other locations,jaipur
Bharti Airtel,3.8,Telecom | Jaipur +789 other locations,49000.0,120.0,1952 (74 yrs old),Telecom,Jaipur +789 other locations,jaipur
BYJU'S,3.2,EdTech | Jaipur +321 other locations,53600.0,70.5,2011 (15 yrs old),EdTech,Jaipur +321 other locations,jaipur
WNS,3.3,IT Services & Consulting | Jaipur +65 other locations,69800.0,84.0,1996 (30 yrs old),IT Services & Consulting,Jaipur +65 other locations,jaipur
Tata Motors,4.1,Automobile | Jaipur +506 other locations,42500.0,172.0,1945 (81 yrs old),Automobile,Jaipur +506 other locations,jaipur
IDFC FIRST Bank,3.9,Banking | Jaipur +711 other locations,48500.0,32.0,,Banking,Jaipur +711 other locations,jaipur
Ernst & Young,3.4,Management Consulting | Jaipur +132 other locations,20000.0,70.5,,Management Consulting,Jaipur +132 other locations,jaipur
IndusInd Bank,3.4,Banking | Jaipur +788 other locations,51700.0,141.0,,Banking,Jaipur +788 other locations,jaipur
AU Small Finance Bank,3.9,Banking | Jaipur +782 other locations,28700.0,44.0,1996 (30 yrs old),Banking,Jaipur +782 other locations,jaipur
Flipkart,3.9,Internet | Jaipur +560 other locations,53900.0,180.0,2007 (19 yrs old),Internet,Jaipur +560 other locations,jaipur
Bajaj Finserv,3.9,NBFC | Jaipur +1161 other locations,30000.0,4.0,2007 (19 yrs old),NBFC,Jaipur +1161 other locations,jaipur
Muthoot FinCorp,4.5,NBFC | Jaipur +1087 other locations,9000.0,43.0,,NBFC,Jaipur +1087 other locations,jaipur
PwC,3.3,Management Consulting | Jaipur +132 other locations,120000.0,899.0,1880 (146 yrs old),Management Consulting,Jaipur +132 other locations,jaipur
Mahindra & Mahindra,4.0,Automobile | Jaipur +562 other locations,20000.0,70.5,,Automobile,Jaipur +562 other locations,jaipur
DXC Technology,3.6,IT Services & Consulting | Jaipur +133 other locations,72800.0,198.0,2017 (9 yrs old),IT Services & Consulting,Jaipur +133 other locations,jaipur
Infosys BPM,3.5,BPO | Jaipur +95 other locations,72500.0,98.0,2002 (24 yrs old),BPO,Jaipur +95 other locations,jaipur
HDFC Life,3.9,Insurance | Jaipur +698 other locations,32900.0,119.0,,Insurance,Jaipur +698 other locations,jaipur
Bandhan Bank,3.7,Banking | Jaipur +995 other locations,25300.0,13.0,,Banking,Jaipur +995 other locations,jaipur
Conneqt Business Solutions,3.6,BPO | Jaipur +266 other locations,26400.0,361.0,2002 (24 yrs old),BPO,Jaipur +266 other locations,jaipur
Mphasis,3.3,IT Services & Consulting | Jaipur +63 other locations,73200.0,47.0,1998 (28 yrs old),IT Services & Consulting,Jaipur +63 other locations,jaipur
Yes Bank,3.7,Banking | Jaipur +540 other locations,43400.0,141.0,2004 (22 yrs old),Banking,Jaipur +540 other locations,jaipur
Tata Steel,4.0,Iron & Steel | Jaipur +228 other locations,33800.0,70.5,1907 (119 yrs old),Iron & Steel,Jaipur +228 other locations,jaipur
Quess,3.8,Recruitment | Jaipur +740 other locations,30500.0,9.0,2007 (19 yrs old),Recruitment,Jaipur +740 other locations,jaipur
Maruti Suzuki,4.2,Automobile | Jaipur +451 other locations,28400.0,11.0,1981 (45 yrs old),Automobile,Jaipur +451 other locations,jaipur
Startek,3.1,BPO | Jaipur +105 other locations,24400.0,130.0,2017 (9 yrs old),BPO,Jaipur +105 other locations,jaipur
Asian Paints,4.0,Chemicals | Jaipur +547 other locations,25200.0,66.0,,Chemicals,Jaipur +547 other locations,jaipur
UltraTech Cement,4.1,Building Material | Jaipur +534 other locations,24300.0,27.0,1983 (43 yrs old),Building Material,Jaipur +534 other locations,jaipur
Paytm,3.2,FinTech | Jaipur +418 other locations,33900.0,718.0,,FinTech,Jaipur +418 other locations,jaipur
Shriram Finance,4.0,NBFC | Jaipur +1109 other locations,15300.0,8.0,1979 (47 yrs old),NBFC,Jaipur +1109 other locations,jaipur
Bajaj Finance,3.9,NBFC | Jaipur +965 other locations,22700.0,7000.0,1987 (39 yrs old),NBFC,Jaipur +965 other locations,jaipur
Equitas Small Finance Bank,4.4,Banking | Jaipur +479 other locations,13400.0,15.0,,Banking,Jaipur +479 other locations,jaipur
EXL Service,3.6,Analytics & KPO | Jaipur +63 other locations,44100.0,1500.0,,Analytics & KPO,Jaipur +63 other locations,jaipur
Cipla,4.1,Pharma | Jaipur +291 other locations,26000.0,66.0,1935 (91 yrs old),Pharma,Jaipur +291 other locations,jaipur
Samsung,3.9,Consumer Electronics & Appliances | Jaipur +578 other locations,26200.0,27.0,1969 (57 yrs old),Consumer Electronics & Appliances,Jaipur +578 other locations,jaipur
Ericsson,3.9,Telecom | Jaipur +162 other locations,42500.0,70.0,,Telecom,Jaipur +162 other locations,jaipur
Dr. Reddy's,4.0,Pharma | Jaipur +213 other locations,20000.0,70.5,,Pharma,Jaipur +213 other locations,jaipur
Delhivery,3.8,Logistics | Jaipur +751 other locations,21300.0,179.0,2011 (15 yrs old),Logistics,Jaipur +751 other locations,jaipur
ICICI Prudential Life Insurance,4.0,Insurance | Jaipur +505 other locations,22500.0,513.0,2000 (26 yrs old),Insurance,Jaipur +505 other locations,jaipur
JPMorgan Chase & Co.,3.8,Financial Services | Jaipur +55 other locations,20000.0,70.5,,Financial Services,Jaipur +55 other locations,jaipur
JSW Steel,3.9,Iron & Steel | Jaipur +193 other locations,30400.0,108.0,1982 (44 yrs old),Iron & Steel,Jaipur +193 other locations,jaipur
HGS,3.7,BPO | Jaipur +121 other locations,20900.0,18.0,2000 (26 yrs old),BPO,Jaipur +121 other locations,jaipur
Jana Small Finance Bank,3.8,Banking | Jaipur +419 other locations,14200.0,54.0,2006 (20 yrs old),Banking,Jaipur +419 other locations,jaipur
Sun Pharmaceutical Industries,4.1,Pharma | Jaipur +264 other locations,23500.0,287.0,,Pharma,Jaipur +264 other locations,jaipur
Ujjivan Small Finance Bank,4.0,Banking | Jaipur +533 other locations,12800.0,136.0,2017 (9 yrs old),Banking,Jaipur +533 other locations,jaipur
Hexaware Technologies,3.4,IT Services & Consulting | Jaipur +67 other locations,53100.0,636.0,1990 (36 yrs old),IT Services & Consulting,Jaipur +67 other locations,jaipur
Amazon Development Centre India,3.8,Internet | Jaipur +146 other locations,20000.0,70.5,,Internet,Jaipur +146 other locations,jaipur
Lupin,4.1,Pharma | Jaipur +202 other locations,22500.0,33.0,,Pharma,Jaipur +202 other locations,jaipur
L&T Construction,4.0,Engineering & Construction | Jaipur +433 other locations,20000.0,70.5,,Engineering & Construction,Jaipur +433 other locations,jaipur
Zydus Lifesciences,3.9,Pharma | Jaipur +177 other locations,19900.0,21.0,1952 (74 yrs old),Pharma,Jaipur +177 other locations,jaipur
Ekart Logistics,3.9,Logistics | Jaipur +736 other locations,15800.0,70.5,2009 (17 yrs old),Logistics,Jaipur +736 other locations,jaipur
Hindustan Unilever,4.2,FMCG | Jaipur +531 other locations,20000.0,48.0,1872 (154 yrs old),FMCG,Jaipur +531 other locations,jaipur
KPMG India,3.4,Management Consulting | Jaipur +111 other locations,64700.0,63.0,1993 (33 yrs old),Management Consulting,Jaipur +111 other locations,jaipur
ITC,3.9,FMCG | Jaipur +375 other locations,24400.0,77.0,1910 (116 yrs old),FMCG,Jaipur +375 other locations,jaipur
Axis Max Life Insurance,4.0,Insurance | Jaipur +494 other locations,20000.0,143.0,2000 (26 yrs old),Insurance,Jaipur +494 other locations,jaipur
Megha Engineering & Infrastructures,3.9,Engineering & Construction | Jaipur +405 other locations,20000.0,70.5,,Engineering & Construction,Jaipur +405 other locations,jaipur
Tata Projects,4.2,Engineering & Construction | Jaipur +285 other locations,22100.0,29.0,,Engineering & Construction,Jaipur +285 other locations,jaipur
Coforge,3.2,IT Services & Consulting | Jaipur +104 other locations,48500.0,128.0,,IT Services & Consulting,Jaipur +104 other locations,jaipur
L&T Technology Services,3.1,IT Services & Consulting | Jaipur +92 other locations,20000.0,70.5,,IT Services & Consulting,Jaipur +92 other locations,jaipur
Bajaj Life Insurance,3.9,Insurance | Jaipur +607 other locations,20000.0,70.5,,Insurance,Jaipur +607 other locations,jaipur
Cholamandalam Investment & Finance,3.8,Financial Services | Jaipur +840 other locations,20000.0,70.5,,Financial Services,Jaipur +840 other locations,jaipur
IIFL Finance,4.0,NBFC | Jaipur +801 other locations,14200.0,73.0,1995 (31 yrs old),NBFC,Jaipur +801 other locations,jaipur
Indian Army,4.7,Defence & Aerospace | Jaipur +364 other locations,9600.0,70.5,1895 (131 yrs old),Defence & Aerospace,Jaipur +364 other locations,jaipur
Muthoot Finance,3.7,NBFC | Jaipur +783 other locations,13000.0,93.0,,NBFC,Jaipur +783 other locations,jaipur
JLL,4.1,Real Estate | Jaipur +85 other locations,24200.0,241.0,1999 (27 yrs old),Real Estate,Jaipur +85 other locations,jaipur
HCL Group,3.5,IT Services & Consulting | Jaipur +97 other locations,370000.0,165.0,,IT Services & Consulting,Jaipur +97 other locations,jaipur
Piramal Finance,4.2,NBFC | Jaipur +424 other locations,12700.0,5.0,10k-50k,NBFC,Jaipur +424 other locations,jaipur
Virtusa Consulting Services,3.7,IT Services & Consulting | Jaipur +55 other locations,56300.0,1300.0,1996 (30 yrs old),IT Services & Consulting,Jaipur +55 other locations,jaipur
DMart,3.9,Retail | Jaipur +246 other locations,18500.0,177.0,2002 (24 yrs old),Retail,Jaipur +246 other locations,jaipur
HSBC Group,3.9,Financial Services | Jaipur +63 other locations,42600.0,130.0,1865 (161 yrs old),Financial Services,Jaipur +63 other locations,jaipur
Indiamart Intermesh,3.5,Internet | Jaipur +173 other locations,20000.0,532.0,1996 (30 yrs old),Internet,Jaipur +173 other locations,jaipur
Udaan,3.9,Internet | Jaipur +368 other locations,15600.0,5.0,,Internet,Jaipur +368 other locations,jaipur
SMFG India Credit,3.9,NBFC | Jaipur +592 other locations,11000.0,81.0,2007 (19 yrs old),NBFC,Jaipur +592 other locations,jaipur
Aurobindo Pharma,4.0,Pharma | Jaipur +115 other locations,20700.0,23.0,1986 (40 yrs old),Pharma,Jaipur +115 other locations,jaipur
Siemens,3.9,Industrial Automation | Jaipur +152 other locations,33500.0,134.0,,Industrial Automation,Jaipur +152 other locations,jaipur
BigBasket,3.9,Internet | Jaipur +138 other locations,19100.0,104.0,,Internet,Jaipur +138 other locations,jaipur
Manappuram Finance,3.9,NBFC | Jaipur +647 other locations,9100.0,6.0,1949 (77 yrs old),NBFC,Jaipur +647 other locations,jaipur
Firstsource Solutions,3.5,BPO | Jaipur +74 other locations,24000.0,139.0,2001 (25 yrs old),BPO,Jaipur +74 other locations,jaipur
Shapoorji Pallonji Group,4.1,Engineering & Construction | Jaipur +188 other locations,20000.0,70.5,,Engineering & Construction,Jaipur +188 other locations,jaipur
Tata Capital,4.0,NBFC | Jaipur +438 other locations,15700.0,3100.0,2007 (19 yrs old),NBFC,Jaipur +438 other locations,jaipur
GlobalLogic,3.5,IT Services & Consulting | Jaipur +60 other locations,40500.0,46.0,2000 (26 yrs old),IT Services & Consulting,Jaipur +60 other locations,jaipur
ICICI Lombard General Insurance Company,3.5,Insurance | Jaipur +311 other locations,20000.0,70.5,,Insurance,Jaipur +311 other locations,jaipur
Standard Chartered,3.6,Banking | Jaipur +68 other locations,42000.0,70.5,1853 (173 yrs old),Banking,Jaipur +68 other locations,jaipur
Mahindra Finance,3.9,NBFC | Jaipur +730 other locations,12000.0,390.0,1991 (35 yrs old),NBFC,Jaipur +730 other locations,jaipur
PolicyBazaar,3.7,Internet | Jaipur +149 other locations,17100.0,434.0,,Internet,Jaipur +149 other locations,jaipur
Bosch Global Software Technologies,3.7,IT Services & Consulting | Jaipur +47 other locations,39900.0,14.0,1997 (29 yrs old),IT Services & Consulting,Jaipur +47 other locations,jaipur
Apollo Hospitals,4.1,Healthcare | Jaipur +229 other locations,16400.0,168.0,1983 (43 yrs old),Healthcare,Jaipur +229 other locations,jaipur
Ashok Leyland,4.0,Automobile | Jaipur +259 other locations,18700.0,70.5,1948 (78 yrs old),Automobile,Jaipur +259 other locations,jaipur
Citicorp,3.7,Financial Services | Jaipur +68 other locations,51900.0,70.5,1997 (29 yrs old),Financial Services,Jaipur +68 other locations,jaipur
Swiggy,3.7,Internet | Jaipur +230 other locations,22800.0,281.0,2014 (12 yrs old),Internet,Jaipur +230 other locations,jaipur
Hero MotoCorp,4.1,Automobile | Jaipur +365 other locations,15700.0,70.5,1984 (42 yrs old),Automobile,Jaipur +365 other locations,jaipur
Cyient,3.6,IT Services & Consulting | Jaipur +48 other locations,27300.0,78.0,1991 (35 yrs old),IT Services & Consulting,Jaipur +48 other locations,jaipur
SBI Cards & Payment Services,3.6,Financial Services | Jaipur +435 other locations,20000.0,70.5,,Financial Services,Jaipur +435 other locations,jaipur
Kalpataru Projects International,4.2,Engineering & Construction | Jaipur +321 other locations,13600.0,1.0,1981 (45 yrs old),Engineering & Construction,Jaipur +321 other locations,jaipur
JustDial,3.5,Internet | Jaipur +229 other locations,15400.0,53.0,1996 (30 yrs old),Internet,Jaipur +229 other locations,jaipur
IQVIA,3.7,Clinical Research | Jaipur +63 other locations,30600.0,20.0,10k-50k,Clinical Research,Jaipur +63 other locations,jaipur
NTT Data,3.8,IT Services & Consulting | Jaipur +79 other locations,35700.0,181.0,1988 (38 yrs old),IT Services & Consulting,Jaipur +79 other locations,jaipur
NTT Data,3.8,IT Services & Consulting | Jaipur +81 other locations,35700.0,181.0,1988 (38 yrs old),IT Services & Consulting,Jaipur +81 other locations,jaipur
SBI Life Insurance Company,3.7,Insurance | Jaipur +655 other locations,11700.0,6.0,2001 (25 yrs old),Insurance,Jaipur +655 other locations,jaipur
CBRE,4.1,Real Estate | Jaipur +91 other locations,18700.0,19.0,1906 (120 yrs old),Real Estate,Jaipur +91 other locations,jaipur
TVS Motor,3.9,Automobile | Jaipur +349 other locations,15800.0,64.0,1979 (47 yrs old),Automobile,Jaipur +349 other locations,jaipur
Schneider Electric,4.2,Industrial Automation | Jaipur +119 other locations,24400.0,24.0,1999 (27 yrs old),Industrial Automation,Jaipur +119 other locations,jaipur
Persistent Systems,3.6,IT Services & Consulting | Jaipur +41 other locations,44400.0,235.0,,IT Services & Consulting,Jaipur +41 other locations,jaipur
State Bank of India,3.8,Banking | Jaipur +618 other locations,11600.0,10.0,1806 (220 yrs old),Banking,Jaipur +618 other locations,jaipur
vivo,4.1,Consumer Electronics & Appliances | Jaipur +414 other locations,12900.0,11.0,2009 (17 yrs old),Consumer Electronics & Appliances,Jaipur +414 other locations,jaipur
Ecom Express,4.0,Logistics | Jaipur +775 other locations,9500.0,70.5,2012 (14 yrs old),Logistics,Jaipur +775 other locations,jaipur
KEC International,4.0,Engineering & Construction | Jaipur +313 other locations,13300.0,6.0,1945 (81 yrs old),Engineering & Construction,Jaipur +313 other locations,jaipur
JBM Group,3.9,Auto Components | Jaipur +117 other locations,13900.0,45.0,,Auto Components,Jaipur +117 other locations,jaipur
Nagarro,3.9,IT Services & Consulting | Jaipur +49 other locations,32000.0,945.0,1996 (30 yrs old),IT Services & Consulting,Jaipur +49 other locations,jaipur
Varun Beverages,4.0,Beverage | Jaipur +379 other locations,12000.0,41.0,1995 (31 yrs old),Beverage,Jaipur +379 other locations,jaipur
ITC Infotech,3.7,IT Services & Consulting | Jaipur +67 other locations,29500.0,78.0,2000 (26 yrs old),IT Services & Consulting,Jaipur +67 other locations,jaipur
Home Credit Finance,4.0,NBFC | Jaipur +136 other locations,9400.0,96.0,2012 (14 yrs old),NBFC,Jaipur +136 other locations,jaipur
Bosch,4.1,Auto Components | Jaipur +130 other locations,20700.0,70.5,1886 (140 yrs old),Auto Components,Jaipur +130 other locations,jaipur
Randstad,3.7,Recruitment | Jaipur +352 other locations,16400.0,8.0,1992 (34 yrs old),Recruitment,Jaipur +352 other locations,jaipur
EY Global Delivery Services ( EY GDS),3.5,IT Services & Consulting | Jaipur +56 other locations,20000.0,70.5,,IT Services & Consulting,Jaipur +56 other locations,jaipur
Hewlett Packard Enterprise,4.1,IT Services & Consulting | Jaipur +103 other locations,27100.0,220.0,2015 (11 yrs old),IT Services & Consulting,Jaipur +103 other locations,jaipur
Utkarsh Small Finance Bank,3.6,Banking | Jaipur +407 other locations,10800.0,26.0,2009 (17 yrs old),Banking,Jaipur +407 other locations,jaipur
Mahindra Logistics,3.7,Logistics | Jaipur +233 other locations,280000.0,382.0,1986 (40 yrs old),Logistics,Jaipur +233 other locations,jaipur
Aditya Birla Fashion and Retail,4.1,Fashion & Textile | Jaipur +291 other locations,13100.0,76.0,,Fashion & Textile,Jaipur +291 other locations,jaipur
L&T Finance,3.9,NBFC | Jaipur +634 other locations,20000.0,70.5,,NBFC,Jaipur +634 other locations,jaipur
OPPO,3.9,Consumer Electronics & Appliances | Jaipur +410 other locations,11800.0,10.0,2004 (22 yrs old),Consumer Electronics & Appliances,Jaipur +410 other locations,jaipur
Dell,3.8,Consumer Electronics & Appliances | Jaipur +117 other locations,28700.0,16.0,1984 (42 yrs old),Consumer Electronics & Appliances,Jaipur +117 other locations,jaipur
CARS24,3.4,Internet | Jaipur +173 other locations,20000.0,70.5,,Internet,Jaipur +173 other locations,jaipur
Havells,3.9,Electrical Equipment | Jaipur +260 other locations,15500.0,34.0,1983 (43 yrs old),Electrical Equipment,Jaipur +260 other locations,jaipur
Intas Pharmaceuticals,4.1,Pharma | Jaipur +148 other locations,17300.0,54.0,1977 (49 yrs old),Pharma,Jaipur +148 other locations,jaipur
R1 RCM,3.8,BPO | Jaipur +46 other locations,21100.0,163.0,2007 (19 yrs old),BPO,Jaipur +46 other locations,jaipur
Tata AIA Life Insurance,3.9,Insurance | Jaipur +442 other locations,14100.0,680.0,2001 (25 yrs old),Insurance,Jaipur +442 other locations,jaipur
Hyundai Motor India Limited,4.1,Automobile | Jaipur +287 other locations,13800.0,3.0,1967 (59 yrs old),Automobile,Jaipur +287 other locations,jaipur
Deutsche Bank,3.8,Banking | Jaipur +42 other locations,36000.0,391.0,1870 (156 yrs old),Banking,Jaipur +42 other locations,jaipur
Motilal Oswal Financial Services,3.7,Financial Services | Jaipur +168 other locations,12900.0,45.0,,Financial Services,Jaipur +168 other locations,jaipur
Team Lease,3.9,Recruitment | Jaipur +396 other locations,16000.0,70.5,2016 (10 yrs old),Recruitment,Jaipur +396 other locations,jaipur
Berger Paints,3.7,Chemicals | Jaipur +353 other locations,10000.0,131.0,,Chemicals,Jaipur +353 other locations,jaipur
VE Commercial Vehicles,3.9,Automobile | Jaipur +179 other locations,14100.0,8.0,2008 (18 yrs old),Automobile,Jaipur +179 other locations,jaipur
Lenskart,3.3,Internet | Jaipur +240 other locations,13200.0,128.0,,Internet,Jaipur +240 other locations,jaipur
Thermax Limited,4.2,Industrial Machinery | Jaipur +250 other locations,20000.0,70.5,,Industrial Machinery,Jaipur +250 other locations,jaipur
Bajaj Auto,3.8,Automobile | Jaipur +317 other locations,14500.0,70.5,1945 (81 yrs old),Automobile,Jaipur +317 other locations,jaipur
Macleods Pharmaceuticals,3.7,Pharma | Jaipur +133 other locations,15500.0,10.0,1986 (40 yrs old),Pharma,Jaipur +133 other locations,jaipur
Aakash Educational Services,3.2,Education & Training | Jaipur +244 other locations,13600.0,71.0,1988 (38 yrs old),Education & Training,Jaipur +244 other locations,jaipur
Kogta Financial India Limited,4.7,NBFC | Jaipur +259 other locations,1900.0,115.0,1996 (30 yrs old),NBFC,Jaipur +259 other locations,jaipur
Jubilant Foods Works,3.7,Hospitality | Jaipur +262 other locations,9200.0,192.0,1995 (31 yrs old),Hospitality,Jaipur +262 other locations,jaipur
LG Electronics,3.9,Consumer Electronics & Appliances | Jaipur +298 other locations,11000.0,70.5,1958 (68 yrs old),Consumer Electronics & Appliances,Jaipur +298 other locations,jaipur
Royal Enfield,4.2,Automobile | Jaipur +372 other locations,14800.0,20.0,1901 (125 yrs old),Automobile,Jaipur +372 other locations,jaipur
Hindalco Industries,4.2,Metals & Mining | Jaipur +127 other locations,12400.0,4.0,1958 (68 yrs old),Metals & Mining,Jaipur +127 other locations,jaipur
Jindal Steel Limited,3.9,Iron & Steel | Jaipur +172 other locations,15400.0,31.0,1979 (47 yrs old),Iron & Steel,Jaipur +172 other locations,jaipur
John Deere,4.0,Industrial Machinery | Jaipur +155 other locations,15200.0,1.0,2001 (25 yrs old),Industrial Machinery,Jaipur +155 other locations,jaipur
Tata Communications,3.9,Telecom | Jaipur +102 other locations,23500.0,33.0,1986 (40 yrs old),Telecom,Jaipur +102 other locations,jaipur
DCB Bank,3.8,Banking | Jaipur +341 other locations,9500.0,11.0,,Banking,Jaipur +341 other locations,jaipur
HDFC Ergo General Insurance,4.0,Insurance | Jaipur +324 other locations,12000.0,10.0,2002 (24 yrs old),Insurance,Jaipur +324 other locations,jaipur
RBL Bank,3.5,Banking | Jaipur +284 other locations,18300.0,53.0,1943 (83 yrs old),Banking,Jaipur +284 other locations,jaipur
Cummins,4.3,Industrial Machinery | Jaipur +114 other locations,15500.0,8.0,1919 (107 yrs old),Industrial Machinery,Jaipur +114 other locations,jaipur
Oyo Rooms,3.1,Internet | Jaipur +121 other locations,14400.0,127.0,2012 (14 yrs old),Internet,Jaipur +121 other locations,jaipur
Pidilite Industries,4.2,Chemicals | Jaipur +312 other locations,11400.0,3.0,,Chemicals,Jaipur +312 other locations,jaipur
Alembic Pharmaceuticals,3.9,Pharma | Jaipur +187 other locations,15300.0,72.0,1907 (119 yrs old),Pharma,Jaipur +187 other locations,jaipur
Reliance Communications,4.0,Telecom | Jaipur +467 other locations,9600.0,70.5,2002 (24 yrs old),Telecom,Jaipur +467 other locations,jaipur
Publicis Sapient,3.4,IT Services & Consulting | Jaipur +46 other locations,30900.0,254.0,,IT Services & Consulting,Jaipur +46 other locations,jaipur
PVR INOX,3.9,Media & Entertainment | Jaipur +150 other locations,20000.0,70.5,,Media & Entertainment,Jaipur +150 other locations,jaipur
Subros,3.8,Auto Components | Jaipur +88 other locations,12500.0,1.0,1985 (41 yrs old),Auto Components,Jaipur +88 other locations,jaipur
American Express,4.1,Financial Services | Jaipur +53 other locations,24400.0,149.0,1850 (176 yrs old),Financial Services,Jaipur +53 other locations,jaipur
XpressBees,4.2,Logistics | Jaipur +474 other locations,8200.0,10.0,2015 (11 yrs old),Logistics,Jaipur +474 other locations,jaipur
Automatic Data Processing (ADP),3.9,Software Product | Jaipur +40 other locations,20000.0,70.5,,Software Product,Jaipur +40 other locations,jaipur
PNB MetLife,3.4,Insurance | Jaipur +423 other locations,8000.0,15.0,2001 (25 yrs old),Insurance,Jaipur +423 other locations,jaipur
Escorts Kubota Limited,4.1,Automobile | Jaipur +155 other locations,13300.0,3.0,,Automobile,Jaipur +155 other locations,jaipur
Aditya Birla Sun Life Insurance,4.0,Insurance | Jaipur +488 other locations,9900.0,70.5,2000 (26 yrs old),Insurance,Jaipur +488 other locations,jaipur
Grasim Industries,4.0,Building Material | Jaipur +241 other locations,12700.0,4.0,1947 (79 yrs old),Building Material,Jaipur +241 other locations,jaipur
Aditya Birla Capital,3.8,NBFC | Jaipur +338 other locations,14300.0,3.0,2017 (9 yrs old),NBFC,Jaipur +338 other locations,jaipur
Maersk,4.0,Logistics | Jaipur +49 other locations,18900.0,32.0,,Logistics,Jaipur +49 other locations,jaipur
Synechron,3.5,IT Services & Consulting | Jaipur +32 other locations,27900.0,61.0,2001 (25 yrs old),IT Services & Consulting,Jaipur +32 other locations,jaipur
Glenmark Pharmaceuticals,3.8,Pharma | Jaipur +184 other locations,12100.0,125.0,1977 (49 yrs old),Pharma,Jaipur +184 other locations,jaipur
Birlasoft,3.5,IT Services & Consulting | Jaipur +50 other locations,29700.0,475.0,1995 (31 yrs old),IT Services & Consulting,Jaipur +50 other locations,jaipur
Dabur,3.8,FMCG | Jaipur +320 other locations,8800.0,22.0,1884 (142 yrs old),FMCG,Jaipur +320 other locations,jaipur
Godrej & Boyce Manufacturing,3.9,Consumer Electronics & Appliances | Jaipur +165 other locations,20000.0,70.5,,Consumer Electronics & Appliances,Jaipur +165 other locations,jaipur
Samvardhana Motherson Group,3.7,Auto Components | Jaipur +93 other locations,12000.0,11.0,1986 (40 yrs old),Auto Components,Jaipur +93 other locations,jaipur
Cogent E Services,3.2,BPO | Jaipur +55 other locations,10300.0,1.0,2004 (22 yrs old),BPO,Jaipur +55 other locations,jaipur
Sodexo,4.0,Facility Management Services | Jaipur +156 other locations,9700.0,1100.0,1966 (60 yrs old),Facility Management Services,Jaipur +156 other locations,jaipur
JK Cement,4.0,Building Material | Jaipur +327 other locations,9800.0,1.0,1975 (51 yrs old),Building Material,Jaipur +327 other locations,jaipur
KPIT Technologies,2.9,Software Product | Jaipur +44 other locations,22900.0,46.0,1990 (36 yrs old),Software Product,Jaipur +44 other locations,jaipur
Kotak Mahindara Life Insurance,3.5,Insurance | Jaipur +256 other locations,12700.0,199.0,2001 (25 yrs old),Insurance,Jaipur +256 other locations,jaipur
Abbott,4.1,Pharma | Jaipur +214 other locations,11600.0,252.0,1910 (116 yrs old),Pharma,Jaipur +214 other locations,jaipur
Aarti Industries,4.1,Agro Chemicals | Jaipur +58 other locations,14300.0,11.0,1975 (51 yrs old),Agro Chemicals,Jaipur +58 other locations,jaipur
Reliance Projects & Property Management Services,4.0,Other | Jaipur +617 other locations,20000.0,70.5,,Other,Jaipur +617 other locations,jaipur
Ipca Laboratories,3.8,Pharma | Jaipur +160 other locations,11500.0,37.0,1949 (77 yrs old),Pharma,Jaipur +160 other locations,jaipur
Indian Oil Corporation,4.3,Oil & Gas | Jaipur +308 other locations,7800.0,70.5,1959 (67 yrs old),Oil & Gas,Jaipur +308 other locations,jaipur
MRF Tyres,3.6,Auto Components | Jaipur +193 other locations,12700.0,23.0,1946 (80 yrs old),Auto Components,Jaipur +193 other locations,jaipur
Reliance Digital,4.2,Retail | Jaipur +378 other locations,8000.0,1.0,2007 (19 yrs old),Retail,Jaipur +378 other locations,jaipur
Alkem Laboratories,3.9,Pharma | Jaipur +196 other locations,9800.0,12.0,,Pharma,Jaipur +196 other locations,jaipur
Johnson Controls,3.5,Industrial Automation | Jaipur +57 other locations,17300.0,5.0,,Industrial Automation,Jaipur +57 other locations,jaipur
Honda Motorcycle & Scooter,4.1,Automobile | Jaipur +299 other locations,20000.0,70.5,,Automobile,Jaipur +299 other locations,jaipur
IGT Solutions,3.2,BPO | Jaipur +47 other locations,13500.0,91.0,1998 (28 yrs old),BPO,Jaipur +47 other locations,jaipur
PhonePe,4.1,FinTech | Jaipur +390 other locations,12600.0,30.0,2015 (11 yrs old),FinTech,Jaipur +390 other locations,jaipur
UNO Minda,4.0,Auto Components | Jaipur +109 other locations,11200.0,14.0,1958 (68 yrs old),Auto Components,Jaipur +109 other locations,jaipur
Vishal Mega Mart,3.8,Retail | Jaipur +377 other locations,6100.0,6.0,2008 (18 yrs old),Retail,Jaipur +377 other locations,jaipur
Hindustan Coca Cola Beverages,4.0,Beverage | Jaipur +258 other locations,7600.0,27.0,1997 (29 yrs old),Beverage,Jaipur +258 other locations,jaipur
ArcelorMittal Nippon Steel,4.1,Iron & Steel | Jaipur +86 other locations,11700.0,70.5,10k-50k,Iron & Steel,Jaipur +86 other locations,jaipur
UBS,3.8,Financial Services | Jaipur +19 other locations,31300.0,2.0,1998 (28 yrs old),Financial Services,Jaipur +19 other locations,jaipur
DTDC Express,3.7,Logistics | Jaipur +270 other locations,20000.0,70.5,,Logistics,Jaipur +270 other locations,jaipur
Ford Motor,4.2,Automobile | Jaipur +130 other locations,15100.0,70.5,1903 (123 yrs old),Automobile,Jaipur +130 other locations,jaipur
Bajaj General Insurance Limited,3.7,Insurance | Jaipur +303 other locations,10700.0,71.0,5k-10k,Insurance,Jaipur +303 other locations,jaipur
TCS,3.3,IT Services & Consulting | Mumbai +439 other locations,970000.0,2000.0,1968 (58 yrs old),IT Services & Consulting,Mumbai +439 other locations,mumbai
Accenture,3.7,IT Services & Consulting | Mumbai +255 other locations,650000.0,31900.0,1989 (37 yrs old),IT Services & Consulting,Mumbai +255 other locations,mumbai
Wipro,3.6,IT Services & Consulting | Mumbai +370 other locations,480000.0,6500.0,1945 (81 yrs old),IT Services & Consulting,Mumbai +370 other locations,mumbai
Cognizant,3.6,IT Services & Consulting | Mumbai +229 other locations,600000.0,730.0,1994 (32 yrs old),IT Services & Consulting,Mumbai +229 other locations,mumbai
Capgemini,3.7,IT Services & Consulting | Mumbai +184 other locations,470000.0,1900.0,1967 (59 yrs old),IT Services & Consulting,Mumbai +184 other locations,mumbai
HDFC Bank,3.8,Banking | Mumbai +1821 other locations,150000.0,266.0,1994 (32 yrs old),Banking,Mumbai +1821 other locations,mumbai
Infosys,3.5,IT Services & Consulting | Mumbai +246 other locations,520000.0,2700.0,,IT Services & Consulting,Mumbai +246 other locations,mumbai
ICICI Bank,4.0,Banking | Mumbai +1438 other locations,150000.0,22.0,1994 (32 yrs old),Banking,Mumbai +1438 other locations,mumbai
HCLTech,3.4,IT Services & Consulting | Mumbai +226 other locations,370000.0,165.0,,IT Services & Consulting,Mumbai +226 other locations,mumbai
Tech Mahindra,3.4,IT Services & Consulting | Mumbai +331 other locations,280000.0,383.0,1986 (40 yrs old),IT Services & Consulting,Mumbai +331 other locations,mumbai
Genpact,3.6,IT Services & Consulting | Mumbai +182 other locations,230000.0,831.0,1997 (29 yrs old),IT Services & Consulting,Mumbai +182 other locations,mumbai
Teleperformance,3.8,BPO | Mumbai +254 other locations,95800.0,1300.0,1978 (48 yrs old),BPO,Mumbai +254 other locations,mumbai
Axis Bank,3.6,Banking | Mumbai +1498 other locations,100000.0,217.0,1993 (33 yrs old),Banking,Mumbai +1498 other locations,mumbai
Jio,4.4,Telecom | Mumbai +1893 other locations,62000.0,3.0,2018 (8 yrs old),Telecom,Mumbai +1893 other locations,mumbai
Concentrix Corporation,3.6,BPO | Mumbai +177 other locations,130000.0,82.0,1983 (43 yrs old),BPO,Mumbai +177 other locations,mumbai
Amazon,3.9,Internet | Mumbai +518 other locations,150000.0,1600.0,1994 (32 yrs old),Internet,Mumbai +518 other locations,mumbai
iEnergizer,4.6,BPO | Mumbai +52 other locations,23900.0,68.0,,BPO,Mumbai +52 other locations,mumbai
Reliance Retail,3.9,Retail | Mumbai +1150 other locations,74700.0,152.0,2006 (20 yrs old),Retail,Mumbai +1150 other locations,mumbai
LTIMindtree,3.6,IT Services & Consulting | Mumbai +146 other locations,190000.0,450.0,1997 (29 yrs old),IT Services & Consulting,Mumbai +146 other locations,mumbai
IBM,3.9,IT Services & Consulting | Mumbai +160 other locations,210000.0,813.0,1911 (115 yrs old),IT Services & Consulting,Mumbai +160 other locations,mumbai
HDB Financial Services,3.9,NBFC | Mumbai +1090 other locations,50200.0,203.0,2007 (19 yrs old),NBFC,Mumbai +1090 other locations,mumbai
Larsen & Toubro Limited,3.9,Engineering & Construction | Mumbai +754 other locations,24000.0,78.0,,Engineering & Construction,Mumbai +754 other locations,mumbai
Deloitte,3.7,Management Consulting | Mumbai +187 other locations,250000.0,1500.0,1845 (181 yrs old),Management Consulting,Mumbai +187 other locations,mumbai
Kotak Mahindra Bank,3.6,Banking | Mumbai +681 other locations,87000.0,80.0,,Banking,Mumbai +681 other locations,mumbai
Reliance Industries,4.0,Oil & Gas | Mumbai +812 other locations,72400.0,58.0,1977 (49 yrs old),Oil & Gas,Mumbai +812 other locations,mumbai
Vodafone Idea,3.9,Telecom | Mumbai +704 other locations,50300.0,30.0,2018 (8 yrs old),Telecom,Mumbai +704 other locations,mumbai
Bharti Airtel,3.8,Telecom | Mumbai +789 other locations,49000.0,120.0,1952 (74 yrs old),Telecom,Mumbai +789 other locations,mumbai
BYJU'S,3.2,EdTech | Mumbai +321 other locations,53600.0,78.0,2011 (15 yrs old),EdTech,Mumbai +321 other locations,mumbai
WNS,3.3,IT Services & Consulting | Mumbai +65 other locations,69800.0,82.0,1996 (30 yrs old),IT Services & Consulting,Mumbai +65 other locations,mumbai
Tata Motors,4.1,Automobile | Mumbai +506 other locations,42500.0,172.0,1945 (81 yrs old),Automobile,Mumbai +506 other locations,mumbai
IDFC FIRST Bank,3.9,Banking | Mumbai +712 other locations,48500.0,32.0,,Banking,Mumbai +712 other locations,mumbai
Ernst & Young,3.4,Management Consulting | Mumbai +132 other locations,24000.0,78.0,,Management Consulting,Mumbai +132 other locations,mumbai
IndusInd Bank,3.4,Banking | Mumbai +788 other locations,51700.0,141.0,,Banking,Mumbai +788 other locations,mumbai
AU Small Finance Bank,3.9,Banking | Mumbai +783 other locations,28700.0,44.0,1996 (30 yrs old),Banking,Mumbai +783 other locations,mumbai
Flipkart,3.9,Internet | Mumbai +560 other locations,53900.0,179.0,2007 (19 yrs old),Internet,Mumbai +560 other locations,mumbai
Bajaj Finserv,3.9,NBFC | Mumbai +1162 other locations,30000.0,4.0,2007 (19 yrs old),NBFC,Mumbai +1162 other locations,mumbai
Muthoot FinCorp,4.5,NBFC | Mumbai +1087 other locations,9000.0,43.0,,NBFC,Mumbai +1087 other locations,mumbai
PwC,3.3,Management Consulting | Mumbai +133 other locations,120000.0,899.0,1880 (146 yrs old),Management Consulting,Mumbai +133 other locations,mumbai
Mahindra & Mahindra,4.0,Automobile | Mumbai +562 other locations,24000.0,78.0,,Automobile,Mumbai +562 other locations,mumbai
DXC Technology,3.6,IT Services & Consulting | Mumbai +133 other locations,72800.0,198.0,2017 (9 yrs old),IT Services & Consulting,Mumbai +133 other locations,mumbai
Infosys BPM,3.5,BPO | Mumbai +95 other locations,72500.0,98.0,2002 (24 yrs old),BPO,Mumbai +95 other locations,mumbai
HDFC Life,3.9,Insurance | Mumbai +698 other locations,32900.0,119.0,,Insurance,Mumbai +698 other locations,mumbai
Bandhan Bank,3.7,Banking | Mumbai +995 other locations,25300.0,13.0,,Banking,Mumbai +995 other locations,mumbai
Conneqt Business Solutions,3.6,BPO | Mumbai +266 other locations,26400.0,361.0,2002 (24 yrs old),BPO,Mumbai +266 other locations,mumbai
Mphasis,3.3,IT Services & Consulting | Mumbai +63 other locations,73200.0,47.0,1998 (28 yrs old),IT Services & Consulting,Mumbai +63 other locations,mumbai
Yes Bank,3.6,Banking | Mumbai +540 other locations,43400.0,141.0,2004 (22 yrs old),Banking,Mumbai +540 other locations,mumbai
Tata Steel,4.0,Iron & Steel | Mumbai +229 other locations,33800.0,78.0,1907 (119 yrs old),Iron & Steel,Mumbai +229 other locations,mumbai
Quess,3.8,Recruitment | Mumbai +741 other locations,30500.0,9.0,2007 (19 yrs old),Recruitment,Mumbai +741 other locations,mumbai
Maruti Suzuki,4.2,Automobile | Mumbai +451 other locations,28400.0,132.0,1981 (45 yrs old),Automobile,Mumbai +451 other locations,mumbai
Startek,3.1,BPO | Mumbai +105 other locations,24400.0,130.0,2017 (9 yrs old),BPO,Mumbai +105 other locations,mumbai
Asian Paints,4.0,Chemicals | Mumbai +548 other locations,25200.0,66.0,,Chemicals,Mumbai +548 other locations,mumbai
UltraTech Cement,4.1,Building Material | Mumbai +534 other locations,24300.0,27.0,1983 (43 yrs old),Building Material,Mumbai +534 other locations,mumbai
Paytm,3.2,FinTech | Mumbai +418 other locations,33900.0,718.0,,FinTech,Mumbai +418 other locations,mumbai
Shriram Finance,4.0,NBFC | Mumbai +1111 other locations,15300.0,8.0,1979 (47 yrs old),NBFC,Mumbai +1111 other locations,mumbai
Bajaj Finance,3.9,NBFC | Mumbai +967 other locations,22700.0,7000.0,1987 (39 yrs old),NBFC,Mumbai +967 other locations,mumbai
Equitas Small Finance Bank,4.4,Banking | Mumbai +479 other locations,13400.0,15.0,,Banking,Mumbai +479 other locations,mumbai
Sutherland Global Services,3.4,BPO | Mumbai +82 other locations,34400.0,250.0,,BPO,Mumbai +82 other locations,mumbai
EXL Service,3.6,Analytics & KPO | Mumbai +63 other locations,44100.0,1500.0,,Analytics & KPO,Mumbai +63 other locations,mumbai
Cipla,4.1,Pharma | Mumbai +291 other locations,26000.0,66.0,1935 (91 yrs old),Pharma,Mumbai +291 other locations,mumbai
Samsung,3.9,Consumer Electronics & Appliances | Mumbai +579 other locations,26200.0,27.0,1969 (57 yrs old),Consumer Electronics & Appliances,Mumbai +579 other locations,mumbai
Ericsson,3.9,Telecom | Mumbai +162 other locations,42500.0,70.0,,Telecom,Mumbai +162 other locations,mumbai
Wells Fargo,3.7,Financial Services | Mumbai +28 other locations,55200.0,168.0,,Financial Services,Mumbai +28 other locations,mumbai
Dr. Reddy's,4.0,Pharma | Mumbai +214 other locations,24000.0,78.0,,Pharma,Mumbai +214 other locations,mumbai
Optum Global Solutions,4.0,IT Services & Consulting | Mumbai +68 other locations,48400.0,73.0,2002 (24 yrs old),IT Services & Consulting,Mumbai +68 other locations,mumbai
Delhivery,3.8,Logistics | Mumbai +752 other locations,21300.0,179.0,2011 (15 yrs old),Logistics,Mumbai +752 other locations,mumbai
ICICI Prudential Life Insurance,4.0,Insurance | Mumbai +505 other locations,22500.0,513.0,2000 (26 yrs old),Insurance,Mumbai +505 other locations,mumbai
JPMorgan Chase & Co.,3.8,Financial Services | Mumbai +55 other locations,24000.0,78.0,,Financial Services,Mumbai +55 other locations,mumbai
JSW Steel,3.9,Iron & Steel | Mumbai +193 other locations,30400.0,108.0,1982 (44 yrs old),Iron & Steel,Mumbai +193 other locations,mumbai
HGS,3.7,BPO | Mumbai +121 other locations,20900.0,18.0,2000 (26 yrs old),BPO,Mumbai +121 other locations,mumbai
Jana Small Finance Bank,3.8,Banking | Mumbai +419 other locations,14200.0,54.0,2006 (20 yrs old),Banking,Mumbai +419 other locations,mumbai
Sun Pharmaceutical Industries,4.1,Pharma | Mumbai +265 other locations,23500.0,287.0,,Pharma,Mumbai +265 other locations,mumbai
Ujjivan Small Finance Bank,4.0,Banking | Mumbai +533 other locations,12800.0,136.0,2017 (9 yrs old),Banking,Mumbai +533 other locations,mumbai
Hexaware Technologies,3.4,IT Services & Consulting | Mumbai +67 other locations,53100.0,636.0,1990 (36 yrs old),IT Services & Consulting,Mumbai +67 other locations,mumbai
Amazon Development Centre India,3.8,Internet | Mumbai +146 other locations,24000.0,78.0,,Internet,Mumbai +146 other locations,mumbai
Lupin,4.1,Pharma | Mumbai +202 other locations,22500.0,33.0,,Pharma,Mumbai +202 other locations,mumbai
Zydus Lifesciences,3.9,Pharma | Mumbai +177 other locations,19900.0,21.0,1952 (74 yrs old),Pharma,Mumbai +177 other locations,mumbai
L&T Construction,4.0,Engineering & Construction | Mumbai +433 other locations,24000.0,78.0,,Engineering & Construction,Mumbai +433 other locations,mumbai
Ekart Logistics,3.9,Logistics | Mumbai +737 other locations,15800.0,78.0,2009 (17 yrs old),Logistics,Mumbai +737 other locations,mumbai
Hindustan Unilever,4.2,FMCG | Mumbai +531 other locations,20000.0,48.0,1872 (154 yrs old),FMCG,Mumbai +531 other locations,mumbai
KPMG India,3.4,Management Consulting | Mumbai +111 other locations,64700.0,61.0,1993 (33 yrs old),Management Consulting,Mumbai +111 other locations,mumbai
ITC,3.9,FMCG | Mumbai +375 other locations,24400.0,77.0,1910 (116 yrs old),FMCG,Mumbai +375 other locations,mumbai
Axis Max Life Insurance,4.0,Insurance | Mumbai +494 other locations,20000.0,143.0,2000 (26 yrs old),Insurance,Mumbai +494 other locations,mumbai
Megha Engineering & Infrastructures,3.9,Engineering & Construction | Mumbai +405 other locations,24000.0,78.0,,Engineering & Construction,Mumbai +405 other locations,mumbai
Tata Projects,4.2,Engineering & Construction | Mumbai +285 other locations,22100.0,29.0,,Engineering & Construction,Mumbai +285 other locations,mumbai
Coforge,3.2,IT Services & Consulting | Mumbai +104 other locations,48500.0,128.0,,IT Services & Consulting,Mumbai +104 other locations,mumbai
FIS,3.8,FinTech | Mumbai +61 other locations,38700.0,122.0,,FinTech,Mumbai +61 other locations,mumbai
L&T Technology Services,3.1,IT Services & Consulting | Mumbai +93 other locations,24000.0,78.0,,IT Services & Consulting,Mumbai +93 other locations,mumbai
Bajaj Life Insurance,3.9,Insurance | Mumbai +607 other locations,24000.0,78.0,,Insurance,Mumbai +607 other locations,mumbai
Cholamandalam Investment & Finance,3.8,Financial Services | Mumbai +840 other locations,24000.0,78.0,,Financial Services,Mumbai +840 other locations,mumbai
IIFL Finance,4.0,NBFC | Mumbai +801 other locations,14200.0,73.0,1995 (31 yrs old),NBFC,Mumbai +801 other locations,mumbai
Oracle,3.5,Software Product | Mumbai +56 other locations,62500.0,1200.0,1977 (49 yrs old),Software Product,Mumbai +56 other locations,mumbai
Indian Army,4.7,Defence & Aerospace | Mumbai +364 other locations,9600.0,78.0,1895 (131 yrs old),Defence & Aerospace,Mumbai +364 other locations,mumbai
Omega Healthcare,3.8,BPO | Mumbai +69 other locations,26200.0,129.0,2003 (23 yrs old),BPO,Mumbai +69 other locations,mumbai
Muthoot Finance,3.7,NBFC | Mumbai +783 other locations,13000.0,93.0,,NBFC,Mumbai +783 other locations,mumbai
JLL,4.1,Real Estate | Mumbai +85 other locations,24200.0,241.0,1999 (27 yrs old),Real Estate,Mumbai +85 other locations,mumbai
eClerx,3.1,IT Services & Consulting | Mumbai +32 other locations,31700.0,233.0,2000 (26 yrs old),IT Services & Consulting,Mumbai +32 other locations,mumbai
HCL Group,3.5,IT Services & Consulting | Mumbai +97 other locations,370000.0,165.0,,IT Services & Consulting,Mumbai +97 other locations,mumbai
Piramal Finance,4.2,NBFC | Mumbai +424 other locations,12700.0,5.0,10k-50k,NBFC,Mumbai +424 other locations,mumbai
Virtusa Consulting Services,3.7,IT Services & Consulting | Mumbai +55 other locations,56300.0,1300.0,1996 (30 yrs old),IT Services & Consulting,Mumbai +55 other locations,mumbai
DMart,3.9,Retail | Mumbai +246 other locations,18500.0,177.0,2002 (24 yrs old),Retail,Mumbai +246 other locations,mumbai
HSBC Group,3.9,Financial Services | Mumbai +63 other locations,42600.0,130.0,1865 (161 yrs old),Financial Services,Mumbai +63 other locations,mumbai
Indiamart Intermesh,3.5,Internet | Mumbai +173 other locations,20000.0,532.0,1996 (30 yrs old),Internet,Mumbai +173 other locations,mumbai
Udaan,3.9,Internet | Mumbai +368 other locations,15600.0,5.0,,Internet,Mumbai +368 other locations,mumbai
SMFG India Credit,3.9,NBFC | Mumbai +594 other locations,11000.0,81.0,2007 (19 yrs old),NBFC,Mumbai +594 other locations,mumbai
Aurobindo Pharma,4.0,Pharma | Mumbai +115 other locations,20700.0,23.0,1986 (40 yrs old),Pharma,Mumbai +115 other locations,mumbai
Access Healthcare,3.7,BPO | Mumbai +64 other locations,28400.0,503.0,2011 (15 yrs old),BPO,Mumbai +64 other locations,mumbai
Siemens,3.9,Industrial Automation | Mumbai +152 other locations,33500.0,134.0,,Industrial Automation,Mumbai +152 other locations,mumbai
BigBasket,3.9,Internet | Mumbai +138 other locations,19100.0,104.0,,Internet,Mumbai +138 other locations,mumbai
Manappuram Finance,3.9,NBFC | Mumbai +649 other locations,9100.0,6.0,1949 (77 yrs old),NBFC,Mumbai +649 other locations,mumbai
Firstsource Solutions,3.5,BPO | Mumbai +74 other locations,24000.0,139.0,2001 (25 yrs old),BPO,Mumbai +74 other locations,mumbai
Shapoorji Pallonji Group,4.1,Engineering & Construction | Mumbai +188 other locations,24000.0,78.0,,Engineering & Construction,Mumbai +188 other locations,mumbai
Tata Capital,4.0,NBFC | Mumbai +438 other locations,15700.0,3100.0,2007 (19 yrs old),NBFC,Mumbai +438 other locations,mumbai
GlobalLogic,3.5,IT Services & Consulting | Mumbai +60 other locations,40500.0,46.0,2000 (26 yrs old),IT Services & Consulting,Mumbai +60 other locations,mumbai
ICICI Lombard General Insurance Company,3.5,Insurance | Mumbai +311 other locations,24000.0,78.0,,Insurance,Mumbai +311 other locations,mumbai
Standard Chartered,3.6,Banking | Mumbai +68 other locations,42000.0,78.0,1853 (173 yrs old),Banking,Mumbai +68 other locations,mumbai
Mahindra Finance,3.9,NBFC | Mumbai +730 other locations,12000.0,390.0,1991 (35 yrs old),NBFC,Mumbai +730 other locations,mumbai
PolicyBazaar,3.7,Internet | Mumbai +149 other locations,17100.0,434.0,,Internet,Mumbai +149 other locations,mumbai
Bosch Global Software Technologies,3.7,IT Services & Consulting | Mumbai +47 other locations,39900.0,14.0,1997 (29 yrs old),IT Services & Consulting,Mumbai +47 other locations,mumbai
Apollo Hospitals,4.1,Healthcare | Mumbai +229 other locations,16400.0,168.0,1983 (43 yrs old),Healthcare,Mumbai +229 other locations,mumbai
UST,3.7,IT Services & Consulting | Mumbai +50 other locations,39400.0,142.0,,IT Services & Consulting,Mumbai +50 other locations,mumbai
Ashok Leyland,4.0,Automobile | Mumbai +259 other locations,18700.0,78.0,1948 (78 yrs old),Automobile,Mumbai +259 other locations,mumbai
Citicorp,3.7,Financial Services | Mumbai +68 other locations,51900.0,78.0,1997 (29 yrs old),Financial Services,Mumbai +68 other locations,mumbai
Swiggy,3.7,Internet | Mumbai +230 other locations,22800.0,281.0,2014 (12 yrs old),Internet,Mumbai +230 other locations,mumbai
Hero MotoCorp,4.1,Automobile | Mumbai +366 other locations,15700.0,78.0,1984 (42 yrs old),Automobile,Mumbai +366 other locations,mumbai
Cyient,3.6,IT Services & Consulting | Mumbai +48 other locations,27300.0,78.0,1991 (35 yrs old),IT Services & Consulting,Mumbai +48 other locations,mumbai
CGI Group,4.0,IT Services & Consulting | Mumbai +43 other locations,45200.0,655.0,1976 (50 yrs old),IT Services & Consulting,Mumbai +43 other locations,mumbai
SBI Cards & Payment Services,3.6,Financial Services | Mumbai +436 other locations,24000.0,78.0,,Financial Services,Mumbai +436 other locations,mumbai
Kalpataru Projects International,4.2,Engineering & Construction | Mumbai +321 other locations,13600.0,1.0,1981 (45 yrs old),Engineering & Construction,Mumbai +321 other locations,mumbai
JustDial,3.5,Internet | Mumbai +229 other locations,15400.0,53.0,1996 (30 yrs old),Internet,Mumbai +229 other locations,mumbai
BNY,3.7,Financial Services | Mumbai +25 other locations,30600.0,1.0,1784 (242 yrs old),Financial Services,Mumbai +25 other locations,mumbai
IQVIA,3.7,Clinical Research | Mumbai +64 other locations,30600.0,20.0,10k-50k,Clinical Research,Mumbai +64 other locations,mumbai
Nagarjuna Construction Company,4.0,Engineering & Construction | Mumbai +295 other locations,12000.0,11.0,1998 (28 yrs old),Engineering & Construction,Mumbai +295 other locations,mumbai
NTT Data,3.8,IT Services & Consulting | Mumbai +81 other locations,35700.0,181.0,1988 (38 yrs old),IT Services & Consulting,Mumbai +81 other locations,mumbai
SBI Life Insurance Company,3.7,Insurance | Mumbai +655 other locations,11700.0,6.0,2001 (25 yrs old),Insurance,Mumbai +655 other locations,mumbai
CBRE,4.1,Real Estate | Mumbai +91 other locations,18700.0,19.0,1906 (120 yrs old),Real Estate,Mumbai +91 other locations,mumbai
TVS Motor,3.9,Automobile | Mumbai +349 other locations,15800.0,64.0,1979 (47 yrs old),Automobile,Mumbai +349 other locations,mumbai
Schneider Electric,4.2,Industrial Automation | Mumbai +119 other locations,24400.0,24.0,1999 (27 yrs old),Industrial Automation,Mumbai +119 other locations,mumbai
Persistent Systems,3.6,IT Services & Consulting | Mumbai +41 other locations,44400.0,235.0,,IT Services & Consulting,Mumbai +41 other locations,mumbai
State Bank of India,3.8,Banking | Mumbai +618 other locations,11600.0,10.0,1806 (220 yrs old),Banking,Mumbai +618 other locations,mumbai
vivo,4.1,Consumer Electronics & Appliances | Mumbai +414 other locations,12900.0,11.0,2009 (17 yrs old),Consumer Electronics & Appliances,Mumbai +414 other locations,mumbai
Atos,3.8,IT Services & Consulting | Mumbai +49 other locations,34100.0,91.0,2000 (26 yrs old),IT Services & Consulting,Mumbai +49 other locations,mumbai
Ecom Express,4.0,Logistics | Mumbai +775 other locations,9500.0,78.0,2012 (14 yrs old),Logistics,Mumbai +775 other locations,mumbai
Eviden,3.6,IT Services & Consulting | Mumbai +39 other locations,28000.0,8.0,1k-5k,IT Services & Consulting,Mumbai +39 other locations,mumbai
KEC International,4.0,Engineering & Construction | Mumbai +313 other locations,13300.0,6.0,1945 (81 yrs old),Engineering & Construction,Mumbai +313 other locations,mumbai
Amdocs,3.6,Software Product | Mumbai +23 other locations,37400.0,11.0,1982 (44 yrs old),Software Product,Mumbai +23 other locations,mumbai
JBM Group,3.9,Auto Components | Mumbai +117 other locations,13900.0,45.0,,Auto Components,Mumbai +117 other locations,mumbai
Nagarro,3.9,IT Services & Consulting | Mumbai +49 other locations,32000.0,945.0,1996 (30 yrs old),IT Services & Consulting,Mumbai +49 other locations,mumbai
Varun Beverages,4.0,Beverage | Mumbai +379 other locations,12000.0,41.0,1995 (31 yrs old),Beverage,Mumbai +379 other locations,mumbai
ITC Infotech,3.7,IT Services & Consulting | Mumbai +67 other locations,29500.0,78.0,2000 (26 yrs old),IT Services & Consulting,Mumbai +67 other locations,mumbai
Home Credit Finance,4.0,NBFC | Mumbai +136 other locations,9400.0,96.0,2012 (14 yrs old),NBFC,Mumbai +136 other locations,mumbai
Bosch,4.1,Auto Components | Mumbai +130 other locations,20700.0,78.0,1886 (140 yrs old),Auto Components,Mumbai +130 other locations,mumbai
Randstad,3.7,Recruitment | Mumbai +352 other locations,16400.0,8.0,1992 (34 yrs old),Recruitment,Mumbai +352 other locations,mumbai
EY Global Delivery Services ( EY GDS),3.5,IT Services & Consulting | Mumbai +56 other locations,24000.0,78.0,,IT Services & Consulting,Mumbai +56 other locations,mumbai
Hewlett Packard Enterprise,4.1,IT Services & Consulting | Mumbai +103 other locations,27100.0,220.0,2015 (11 yrs old),IT Services & Consulting,Mumbai +103 other locations,mumbai
Utkarsh Small Finance Bank,3.6,Banking | Mumbai +407 other locations,10800.0,26.0,2009 (17 yrs old),Banking,Mumbai +407 other locations,mumbai
Aditya Birla Fashion and Retail,4.1,Fashion & Textile | Mumbai +291 other locations,13100.0,76.0,,Fashion & Textile,Mumbai +291 other locations,mumbai
Mahindra Logistics,3.7,Logistics | Mumbai +233 other locations,280000.0,383.0,1986 (40 yrs old),Logistics,Mumbai +233 other locations,mumbai
L&T Finance,3.9,NBFC | Mumbai +634 other locations,24000.0,78.0,,NBFC,Mumbai +634 other locations,mumbai
OPPO,3.9,Consumer Electronics & Appliances | Mumbai +410 other locations,11800.0,10.0,2004 (22 yrs old),Consumer Electronics & Appliances,Mumbai +410 other locations,mumbai
Dell,3.8,Consumer Electronics & Appliances | Mumbai +117 other locations,28700.0,16.0,1984 (42 yrs old),Consumer Electronics & Appliances,Mumbai +117 other locations,mumbai
CARS24,3.4,Internet | Mumbai +173 other locations,24000.0,78.0,,Internet,Mumbai +173 other locations,mumbai
Havells,3.9,Electrical Equipment | Mumbai +260 other locations,15500.0,34.0,1983 (43 yrs old),Electrical Equipment,Mumbai +260 other locations,mumbai
Intas Pharmaceuticals,4.1,Pharma | Mumbai +148 other locations,17300.0,54.0,1977 (49 yrs old),Pharma,Mumbai +148 other locations,mumbai
R1 RCM,3.8,BPO | Mumbai +46 other locations,21100.0,163.0,2007 (19 yrs old),BPO,Mumbai +46 other locations,mumbai
Tata AIA Life Insurance,3.9,Insurance | Mumbai +442 other locations,14100.0,680.0,2001 (25 yrs old),Insurance,Mumbai +442 other locations,mumbai
Hyundai Motor India Limited,4.1,Automobile | Mumbai +287 other locations,13800.0,3.0,1967 (59 yrs old),Automobile,Mumbai +287 other locations,mumbai
Deutsche Bank,3.8,Banking | Mumbai +42 other locations,36000.0,391.0,1870 (156 yrs old),Banking,Mumbai +42 other locations,mumbai
Hetero,3.9,Pharma | Mumbai +67 other locations,15000.0,141.0,,Pharma,Mumbai +67 other locations,mumbai
Motilal Oswal Financial Services,3.7,Financial Services | Mumbai +168 other locations,12900.0,45.0,,Financial Services,Mumbai +168 other locations,mumbai
Team Lease,3.9,Recruitment | Mumbai +397 other locations,16000.0,78.0,2016 (10 yrs old),Recruitment,Mumbai +397 other locations,mumbai
Berger Paints,3.7,Chemicals | Mumbai +353 other locations,10000.0,131.0,,Chemicals,Mumbai +353 other locations,mumbai
VE Commercial Vehicles,3.9,Automobile | Mumbai +179 other locations,14100.0,8.0,2008 (18 yrs old),Automobile,Mumbai +179 other locations,mumbai
Lenskart,3.3,Internet | Mumbai +240 other locations,13200.0,126.0,,Internet,Mumbai +240 other locations,mumbai
Thermax Limited,4.2,Industrial Machinery | Mumbai +251 other locations,24000.0,78.0,,Industrial Machinery,Mumbai +251 other locations,mumbai
Bajaj Auto,3.8,Automobile | Mumbai +317 other locations,14500.0,78.0,1945 (81 yrs old),Automobile,Mumbai +317 other locations,mumbai
Macleods Pharmaceuticals,3.7,Pharma | Mumbai +133 other locations,15500.0,10.0,1986 (40 yrs old),Pharma,Mumbai +133 other locations,mumbai
Aakash Educational Services,3.2,Education & Training | Mumbai +244 other locations,13600.0,71.0,1988 (38 yrs old),Education & Training,Mumbai +244 other locations,mumbai
Kogta Financial India Limited,4.7,NBFC | Mumbai +259 other locations,1900.0,115.0,1996 (30 yrs old),NBFC,Mumbai +259 other locations,mumbai
Jubilant Foods Works,3.7,Hospitality | Mumbai +261 other locations,9200.0,192.0,1995 (31 yrs old),Hospitality,Mumbai +261 other locations,mumbai
LG Electronics,3.9,Consumer Electronics & Appliances | Mumbai +298 other locations,11000.0,78.0,1958 (68 yrs old),Consumer Electronics & Appliances,Mumbai +298 other locations,mumbai
Royal Enfield,4.2,Automobile | Mumbai +372 other locations,14800.0,20.0,1901 (125 yrs old),Automobile,Mumbai +372 other locations,mumbai
Hindalco Industries,4.2,Metals & Mining | Mumbai +127 other locations,12400.0,4.0,1958 (68 yrs old),Metals & Mining,Mumbai +127 other locations,mumbai
Jindal Steel Limited,3.9,Iron & Steel | Mumbai +172 other locations,15400.0,31.0,1979 (47 yrs old),Iron & Steel,Mumbai +172 other locations,mumbai
John Deere,4.0,Industrial Machinery | Mumbai +155 other locations,15200.0,1.0,2001 (25 yrs old),Industrial Machinery,Mumbai +155 other locations,mumbai
Tata Communications,3.9,Telecom | Mumbai +102 other locations,23500.0,33.0,1986 (40 yrs old),Telecom,Mumbai +102 other locations,mumbai
HDFC Ergo General Insurance,4.0,Insurance | Mumbai +324 other locations,12000.0,10.0,2002 (24 yrs old),Insurance,Mumbai +324 other locations,mumbai
DCB Bank,3.8,Banking | Mumbai +341 other locations,9500.0,11.0,,Banking,Mumbai +341 other locations,mumbai
State Street Corporation,3.5,Financial Services | Mumbai +34 other locations,31400.0,8.0,1792 (234 yrs old),Financial Services,Mumbai +34 other locations,mumbai
RBL Bank,3.5,Banking | Mumbai +284 other locations,18300.0,53.0,1943 (83 yrs old),Banking,Mumbai +284 other locations,mumbai
Cummins,4.3,Industrial Machinery | Mumbai +114 other locations,15500.0,8.0,1919 (107 yrs old),Industrial Machinery,Mumbai +114 other locations,mumbai
Oyo Rooms,3.1,Internet | Mumbai +121 other locations,14400.0,127.0,2012 (14 yrs old),Internet,Mumbai +121 other locations,mumbai
Pidilite Industries,4.2,Chemicals | Mumbai +312 other locations,11400.0,3.0,,Chemicals,Mumbai +312 other locations,mumbai
Alembic Pharmaceuticals,3.9,Pharma | Mumbai +187 other locations,15300.0,72.0,1907 (119 yrs old),Pharma,Mumbai +187 other locations,mumbai
Reliance Communications,4.0,Telecom | Mumbai +467 other locations,9600.0,78.0,2002 (24 yrs old),Telecom,Mumbai +467 other locations,mumbai
Bank of America,4.1,Banking | Mumbai +35 other locations,28100.0,78.0,1998 (28 yrs old),Banking,Mumbai +35 other locations,mumbai
Carelon Global Solutions,3.9,IT Services & Consulting | Mumbai +21 other locations,26600.0,19.0,10k-50k,IT Services & Consulting,Mumbai +21 other locations,mumbai
Publicis Sapient,3.4,IT Services & Consulting | Mumbai +46 other locations,30900.0,254.0,,IT Services & Consulting,Mumbai +46 other locations,mumbai
PVR INOX,3.9,Media & Entertainment | Mumbai +150 other locations,24000.0,78.0,,Media & Entertainment,Mumbai +150 other locations,mumbai
Viatris,4.1,Pharma | Mumbai +80 other locations,14200.0,4.0,,Pharma,Mumbai +80 other locations,mumbai
Subros,3.8,Auto Components | Mumbai +88 other locations,12500.0,1.0,1985 (41 yrs old),Auto Components,Mumbai +88 other locations,mumbai
American Express,4.1,Financial Services | Mumbai +53 other locations,24400.0,149.0,1850 (176 yrs old),Financial Services,Mumbai +53 other locations,mumbai
XpressBees,4.2,Logistics | Mumbai +474 other locations,8200.0,10.0,2015 (11 yrs old),Logistics,Mumbai +474 other locations,mumbai
Automatic Data Processing (ADP),3.9,Software Product | Mumbai +40 other locations,24000.0,78.0,,Software Product,Mumbai +40 other locations,mumbai
PNB MetLife,3.4,Insurance | Mumbai +423 other locations,8000.0,15.0,2001 (25 yrs old),Insurance,Mumbai +423 other locations,mumbai
Kyndryl,3.9,IT Services & Consulting | Mumbai +37 other locations,26100.0,35.0,,IT Services & Consulting,Mumbai +37 other locations,mumbai
Escorts Kubota Limited,4.1,Automobile | Mumbai +155 other locations,13300.0,3.0,,Automobile,Mumbai +155 other locations,mumbai
Aditya Birla Sun Life Insurance,4.0,Insurance | Mumbai +488 other locations,9900.0,78.0,2000 (26 yrs old),Insurance,Mumbai +488 other locations,mumbai
Grasim Industries,4.0,Building Material | Mumbai +241 other locations,12700.0,4.0,1947 (79 yrs old),Building Material,Mumbai +241 other locations,mumbai
Aditya Birla Capital,3.8,NBFC | Mumbai +338 other locations,14300.0,3.0,2017 (9 yrs old),NBFC,Mumbai +338 other locations,mumbai
Maersk,4.0,Logistics | Mumbai +49 other locations,18900.0,32.0,,Logistics,Mumbai +49 other locations,mumbai
Synechron,3.5,IT Services & Consulting | Mumbai +32 other locations,27900.0,61.0,2001 (25 yrs old),IT Services & Consulting,Mumbai +32 other locations,mumbai
Glenmark Pharmaceuticals,3.8,Pharma | Mumbai +184 other locations,12100.0,125.0,1977 (49 yrs old),Pharma,Mumbai +184 other locations,mumbai
Birlasoft,3.5,IT Services & Consulting | Mumbai +50 other locations,29700.0,475.0,1995 (31 yrs old),IT Services & Consulting,Mumbai +50 other locations,mumbai
Dabur,3.8,FMCG | Mumbai +320 other locations,8800.0,22.0,1884 (142 yrs old),FMCG,Mumbai +320 other locations,mumbai
Godrej & Boyce Manufacturing,3.9,Consumer Electronics & Appliances | Mumbai +165 other locations,24000.0,78.0,,Consumer Electronics & Appliances,Mumbai +165 other locations,mumbai
Samvardhana Motherson Group,3.7,Auto Components | Mumbai +93 other locations,12000.0,11.0,1986 (40 yrs old),Auto Components,Mumbai +93 other locations,mumbai
Altruist Technologies,4.4,BPO | Mumbai +45 other locations,8200.0,8.0,2005 (21 yrs old),BPO,Mumbai +45 other locations,mumbai
Cogent E Services,3.2,BPO | Mumbai +55 other locations,10300.0,1.0,2004 (22 yrs old),BPO,Mumbai +55 other locations,mumbai
Sodexo,4.0,Facility Management Services | Mumbai +156 other locations,9700.0,1100.0,1966 (60 yrs old),Facility Management Services,Mumbai +156 other locations,mumbai
JK Cement,4.0,Building Material | Mumbai +327 other locations,9800.0,1.0,1975 (51 yrs old),Building Material,Mumbai +327 other locations,mumbai
TCS,3.3,IT Services & Consulting | New Delhi +438 other locations,970000.0,2000.0,1968 (58 yrs old),IT Services & Consulting,New Delhi +438 other locations,new-delhi
Accenture,3.7,IT Services & Consulting | New Delhi +255 other locations,650000.0,31900.0,1989 (37 yrs old),IT Services & Consulting,New Delhi +255 other locations,new-delhi
Wipro,3.6,IT Services & Consulting | New Delhi +370 other locations,480000.0,6500.0,1945 (81 yrs old),IT Services & Consulting,New Delhi +370 other locations,new-delhi
Cognizant,3.6,IT Services & Consulting | New Delhi +229 other locations,600000.0,730.0,1994 (32 yrs old),IT Services & Consulting,New Delhi +229 other locations,new-delhi
Capgemini,3.7,IT Services & Consulting | New Delhi +184 other locations,470000.0,1900.0,1967 (59 yrs old),IT Services & Consulting,New Delhi +184 other locations,new-delhi
HDFC Bank,3.8,Banking | New Delhi +1821 other locations,150000.0,266.0,1994 (32 yrs old),Banking,New Delhi +1821 other locations,new-delhi
Infosys,3.5,IT Services & Consulting | New Delhi +246 other locations,520000.0,2700.0,,IT Services & Consulting,New Delhi +246 other locations,new-delhi
ICICI Bank,4.0,Banking | New Delhi +1437 other locations,150000.0,22.0,1994 (32 yrs old),Banking,New Delhi +1437 other locations,new-delhi
HCLTech,3.4,IT Services & Consulting | New Delhi +226 other locations,370000.0,165.0,,IT Services & Consulting,New Delhi +226 other locations,new-delhi
Tech Mahindra,3.4,IT Services & Consulting | New Delhi +331 other locations,280000.0,383.0,1986 (40 yrs old),IT Services & Consulting,New Delhi +331 other locations,new-delhi
Genpact,3.6,IT Services & Consulting | New Delhi +182 other locations,230000.0,830.0,1997 (29 yrs old),IT Services & Consulting,New Delhi +182 other locations,new-delhi
Teleperformance,3.8,BPO | New Delhi +254 other locations,95800.0,1300.0,1978 (48 yrs old),BPO,New Delhi +254 other locations,new-delhi
Axis Bank,3.6,Banking | New Delhi +1498 other locations,100000.0,217.0,1993 (33 yrs old),Banking,New Delhi +1498 other locations,new-delhi
Jio,4.4,Telecom | New Delhi +1893 other locations,62000.0,3.0,2018 (8 yrs old),Telecom,New Delhi +1893 other locations,new-delhi
Concentrix Corporation,3.6,BPO | New Delhi +179 other locations,130000.0,82.0,1983 (43 yrs old),BPO,New Delhi +179 other locations,new-delhi
Amazon,3.9,Internet | New Delhi +518 other locations,150000.0,1600.0,1994 (32 yrs old),Internet,New Delhi +518 other locations,new-delhi
iEnergizer,4.6,BPO | New Delhi +52 other locations,23900.0,68.0,,BPO,New Delhi +52 other locations,new-delhi
Reliance Retail,3.9,Retail | New Delhi +1150 other locations,74700.0,152.0,2006 (20 yrs old),Retail,New Delhi +1150 other locations,new-delhi
LTIMindtree,3.6,IT Services & Consulting | New Delhi +146 other locations,190000.0,450.0,1997 (29 yrs old),IT Services & Consulting,New Delhi +146 other locations,new-delhi
IBM,3.9,IT Services & Consulting | New Delhi +160 other locations,210000.0,813.0,1911 (115 yrs old),IT Services & Consulting,New Delhi +160 other locations,new-delhi
HDB Financial Services,3.9,NBFC | New Delhi +1089 other locations,50200.0,203.0,2007 (19 yrs old),NBFC,New Delhi +1089 other locations,new-delhi
Larsen & Toubro Limited,3.9,Engineering & Construction | New Delhi +754 other locations,23700.0,76.5,,Engineering & Construction,New Delhi +754 other locations,new-delhi
Deloitte,3.7,Management Consulting | New Delhi +187 other locations,250000.0,1500.0,1845 (181 yrs old),Management Consulting,New Delhi +187 other locations,new-delhi
Kotak Mahindra Bank,3.6,Banking | New Delhi +681 other locations,87000.0,80.0,,Banking,New Delhi +681 other locations,new-delhi
Reliance Industries,4.0,Oil & Gas | New Delhi +812 other locations,72400.0,58.0,1977 (49 yrs old),Oil & Gas,New Delhi +812 other locations,new-delhi
Vodafone Idea,3.9,Telecom | New Delhi +704 other locations,50300.0,30.0,2018 (8 yrs old),Telecom,New Delhi +704 other locations,new-delhi
Bharti Airtel,3.8,Telecom | New Delhi +789 other locations,49000.0,120.0,1952 (74 yrs old),Telecom,New Delhi +789 other locations,new-delhi
BYJU'S,3.2,EdTech | New Delhi +321 other locations,53600.0,76.5,2011 (15 yrs old),EdTech,New Delhi +321 other locations,new-delhi
WNS,3.3,IT Services & Consulting | New Delhi +65 other locations,69800.0,82.0,1996 (30 yrs old),IT Services & Consulting,New Delhi +65 other locations,new-delhi
Tata Motors,4.1,Automobile | New Delhi +506 other locations,42500.0,172.0,1945 (81 yrs old),Automobile,New Delhi +506 other locations,new-delhi
IDFC FIRST Bank,3.9,Banking | New Delhi +711 other locations,48500.0,32.0,,Banking,New Delhi +711 other locations,new-delhi
Ernst & Young,3.4,Management Consulting | New Delhi +132 other locations,23700.0,76.5,,Management Consulting,New Delhi +132 other locations,new-delhi
IndusInd Bank,3.4,Banking | New Delhi +788 other locations,51700.0,141.0,,Banking,New Delhi +788 other locations,new-delhi
AU Small Finance Bank,3.9,Banking | New Delhi +782 other locations,28700.0,44.0,1996 (30 yrs old),Banking,New Delhi +782 other locations,new-delhi
Flipkart,3.9,Internet | New Delhi +560 other locations,53900.0,179.0,2007 (19 yrs old),Internet,New Delhi +560 other locations,new-delhi
Bajaj Finserv,3.9,NBFC | New Delhi +1161 other locations,30000.0,4.0,2007 (19 yrs old),NBFC,New Delhi +1161 other locations,new-delhi
Muthoot FinCorp,4.5,NBFC | New Delhi +1087 other locations,9000.0,43.0,,NBFC,New Delhi +1087 other locations,new-delhi
PwC,3.3,Management Consulting | New Delhi +132 other locations,120000.0,899.0,1880 (146 yrs old),Management Consulting,New Delhi +132 other locations,new-delhi
Mahindra & Mahindra,4.0,Automobile | New Delhi +562 other locations,23700.0,76.5,,Automobile,New Delhi +562 other locations,new-delhi
DXC Technology,3.6,IT Services & Consulting | New Delhi +133 other locations,72800.0,198.0,2017 (9 yrs old),IT Services & Consulting,New Delhi +133 other locations,new-delhi
Infosys BPM,3.5,BPO | New Delhi +95 other locations,72500.0,98.0,2002 (24 yrs old),BPO,New Delhi +95 other locations,new-delhi
HDFC Life,3.9,Insurance | New Delhi +698 other locations,32900.0,119.0,,Insurance,New Delhi +698 other locations,new-delhi
Bandhan Bank,3.7,Banking | New Delhi +995 other locations,25300.0,13.0,,Banking,New Delhi +995 other locations,new-delhi
Conneqt Business Solutions,3.6,BPO | New Delhi +266 other locations,26400.0,361.0,2002 (24 yrs old),BPO,New Delhi +266 other locations,new-delhi
Mphasis,3.3,IT Services & Consulting | New Delhi +63 other locations,73200.0,47.0,1998 (28 yrs old),IT Services & Consulting,New Delhi +63 other locations,new-delhi
Yes Bank,3.7,Banking | New Delhi +540 other locations,43400.0,141.0,2004 (22 yrs old),Banking,New Delhi +540 other locations,new-delhi
Tata Steel,4.0,Iron & Steel | New Delhi +228 other locations,33800.0,76.5,1907 (119 yrs old),Iron & Steel,New Delhi +228 other locations,new-delhi
Quess,3.8,Recruitment | New Delhi +740 other locations,30500.0,9.0,2007 (19 yrs old),Recruitment,New Delhi +740 other locations,new-delhi
Maruti Suzuki,4.2,Automobile | New Delhi +451 other locations,28400.0,224.0,1981 (45 yrs old),Automobile,New Delhi +451 other locations,new-delhi
Startek,3.1,BPO | New Delhi +105 other locations,24400.0,130.0,2017 (9 yrs old),BPO,New Delhi +105 other locations,new-delhi
Asian Paints,4.0,Chemicals | New Delhi +547 other locations,25200.0,66.0,,Chemicals,New Delhi +547 other locations,new-delhi
UltraTech Cement,4.1,Building Material | New Delhi +534 other locations,24300.0,27.0,1983 (43 yrs old),Building Material,New Delhi +534 other locations,new-delhi
Paytm,3.2,FinTech | New Delhi +418 other locations,33900.0,718.0,,FinTech,New Delhi +418 other locations,new-delhi
Shriram Finance,4.0,NBFC | New Delhi +1109 other locations,15300.0,8.0,1979 (47 yrs old),NBFC,New Delhi +1109 other locations,new-delhi
Bajaj Finance,3.9,NBFC | New Delhi +965 other locations,22700.0,7000.0,1987 (39 yrs old),NBFC,New Delhi +965 other locations,new-delhi
Equitas Small Finance Bank,4.4,Banking | New Delhi +479 other locations,13400.0,15.0,,Banking,New Delhi +479 other locations,new-delhi
Sutherland Global Services,3.4,BPO | New Delhi +82 other locations,34400.0,250.0,,BPO,New Delhi +82 other locations,new-delhi
EXL Service,3.6,Analytics & KPO | New Delhi +63 other locations,44100.0,1500.0,,Analytics & KPO,New Delhi +63 other locations,new-delhi
Cipla,4.1,Pharma | New Delhi +291 other locations,26000.0,66.0,1935 (91 yrs old),Pharma,New Delhi +291 other locations,new-delhi
Samsung,3.9,Consumer Electronics & Appliances | New Delhi +578 other locations,26200.0,27.0,1969 (57 yrs old),Consumer Electronics & Appliances,New Delhi +578 other locations,new-delhi
Ericsson,3.9,Telecom | New Delhi +162 other locations,42500.0,70.0,,Telecom,New Delhi +162 other locations,new-delhi
Wells Fargo,3.7,Financial Services | New Delhi +28 other locations,55200.0,168.0,,Financial Services,New Delhi +28 other locations,new-delhi
Dr. Reddy's,4.0,Pharma | New Delhi +213 other locations,23700.0,76.5,,Pharma,New Delhi +213 other locations,new-delhi
Optum Global Solutions,4.0,IT Services & Consulting | New Delhi +68 other locations,48400.0,73.0,2002 (24 yrs old),IT Services & Consulting,New Delhi +68 other locations,new-delhi
Delhivery,3.8,Logistics | New Delhi +751 other locations,21300.0,179.0,2011 (15 yrs old),Logistics,New Delhi +751 other locations,new-delhi
ICICI Prudential Life Insurance,4.0,Insurance | New Delhi +505 other locations,22500.0,513.0,2000 (26 yrs old),Insurance,New Delhi +505 other locations,new-delhi
JPMorgan Chase & Co.,3.8,Financial Services | New Delhi +55 other locations,23700.0,76.5,,Financial Services,New Delhi +55 other locations,new-delhi
JSW Steel,3.9,Iron & Steel | New Delhi +193 other locations,30400.0,108.0,1982 (44 yrs old),Iron & Steel,New Delhi +193 other locations,new-delhi
HGS,3.7,BPO | New Delhi +121 other locations,20900.0,18.0,2000 (26 yrs old),BPO,New Delhi +121 other locations,new-delhi
Jana Small Finance Bank,3.8,Banking | New Delhi +419 other locations,14200.0,54.0,2006 (20 yrs old),Banking,New Delhi +419 other locations,new-delhi
Sun Pharmaceutical Industries,4.1,Pharma | New Delhi +264 other locations,23500.0,287.0,,Pharma,New Delhi +264 other locations,new-delhi
Ujjivan Small Finance Bank,4.0,Banking | New Delhi +533 other locations,12800.0,136.0,2017 (9 yrs old),Banking,New Delhi +533 other locations,new-delhi
Hexaware Technologies,3.4,IT Services & Consulting | New Delhi +67 other locations,53100.0,636.0,1990 (36 yrs old),IT Services & Consulting,New Delhi +67 other locations,new-delhi
Amazon Development Centre India,3.8,Internet | New Delhi +146 other locations,23700.0,76.5,,Internet,New Delhi +146 other locations,new-delhi
Lupin,4.1,Pharma | New Delhi +202 other locations,22500.0,33.0,,Pharma,New Delhi +202 other locations,new-delhi
L&T Construction,4.0,Engineering & Construction | New Delhi +433 other locations,23700.0,76.5,,Engineering & Construction,New Delhi +433 other locations,new-delhi
Zydus Lifesciences,3.9,Pharma | New Delhi +177 other locations,19900.0,21.0,1952 (74 yrs old),Pharma,New Delhi +177 other locations,new-delhi
Ekart Logistics,3.9,Logistics | New Delhi +736 other locations,15800.0,76.5,2009 (17 yrs old),Logistics,New Delhi +736 other locations,new-delhi
Hindustan Unilever,4.2,FMCG | New Delhi +531 other locations,20000.0,48.0,1872 (154 yrs old),FMCG,New Delhi +531 other locations,new-delhi
KPMG India,3.4,Management Consulting | New Delhi +111 other locations,64700.0,61.0,1993 (33 yrs old),Management Consulting,New Delhi +111 other locations,new-delhi
ITC,3.9,FMCG | New Delhi +375 other locations,24400.0,77.0,1910 (116 yrs old),FMCG,New Delhi +375 other locations,new-delhi
Axis Max Life Insurance,4.0,Insurance | New Delhi +494 other locations,20000.0,143.0,2000 (26 yrs old),Insurance,New Delhi +494 other locations,new-delhi
Megha Engineering & Infrastructures,3.9,Engineering & Construction | New Delhi +405 other locations,23700.0,76.5,,Engineering & Construction,New Delhi +405 other locations,new-delhi
Tata Projects,4.2,Engineering & Construction | New Delhi +285 other locations,22100.0,29.0,,Engineering & Construction,New Delhi +285 other locations,new-delhi
Coforge,3.2,IT Services & Consulting | New Delhi +104 other locations,48500.0,128.0,,IT Services & Consulting,New Delhi +104 other locations,new-delhi
FIS,3.8,FinTech | New Delhi +61 other locations,38700.0,122.0,,FinTech,New Delhi +61 other locations,new-delhi
L&T Technology Services,3.1,IT Services & Consulting | New Delhi +92 other locations,23700.0,76.5,,IT Services & Consulting,New Delhi +92 other locations,new-delhi
Bajaj Life Insurance,3.9,Insurance | New Delhi +607 other locations,23700.0,76.5,,Insurance,New Delhi +607 other locations,new-delhi
Cholamandalam Investment & Finance,3.8,Financial Services | New Delhi +840 other locations,23700.0,76.5,,Financial Services,New Delhi +840 other locations,new-delhi
IIFL Finance,4.0,NBFC | New Delhi +801 other locations,14200.0,73.0,1995 (31 yrs old),NBFC,New Delhi +801 other locations,new-delhi
Oracle,3.5,Software Product | New Delhi +56 other locations,62500.0,1200.0,1977 (49 yrs old),Software Product,New Delhi +56 other locations,new-delhi
Indian Army,4.7,Defence & Aerospace | New Delhi +364 other locations,9600.0,76.5,1895 (131 yrs old),Defence & Aerospace,New Delhi +364 other locations,new-delhi
Omega Healthcare,3.8,BPO | New Delhi +69 other locations,26200.0,129.0,2003 (23 yrs old),BPO,New Delhi +69 other locations,new-delhi
Muthoot Finance,3.7,NBFC | New Delhi +783 other locations,13000.0,93.0,,NBFC,New Delhi +783 other locations,new-delhi
JLL,4.1,Real Estate | New Delhi +85 other locations,24200.0,241.0,1999 (27 yrs old),Real Estate,New Delhi +85 other locations,new-delhi
eClerx,3.1,IT Services & Consulting | New Delhi +32 other locations,31700.0,233.0,2000 (26 yrs old),IT Services & Consulting,New Delhi +32 other locations,new-delhi
HCL Group,3.5,IT Services & Consulting | New Delhi +97 other locations,370000.0,165.0,,IT Services & Consulting,New Delhi +97 other locations,new-delhi
Piramal Finance,4.2,NBFC | New Delhi +424 other locations,12700.0,5.0,10k-50k,NBFC,New Delhi +424 other locations,new-delhi
Virtusa Consulting Services,3.7,IT Services & Consulting | New Delhi +55 other locations,56300.0,1300.0,1996 (30 yrs old),IT Services & Consulting,New Delhi +55 other locations,new-delhi
DMart,3.9,Retail | New Delhi +246 other locations,18500.0,177.0,2002 (24 yrs old),Retail,New Delhi +246 other locations,new-delhi
HSBC Group,3.9,Financial Services | New Delhi +63 other locations,42600.0,130.0,1865 (161 yrs old),Financial Services,New Delhi +63 other locations,new-delhi
Indiamart Intermesh,3.5,Internet | New Delhi +173 other locations,20000.0,532.0,1996 (30 yrs old),Internet,New Delhi +173 other locations,new-delhi
Udaan,3.9,Internet | New Delhi +368 other locations,15600.0,5.0,,Internet,New Delhi +368 other locations,new-delhi
SMFG India Credit,3.9,NBFC | New Delhi +592 other locations,11000.0,81.0,2007 (19 yrs old),NBFC,New Delhi +592 other locations,new-delhi
Aurobindo Pharma,4.0,Pharma | New Delhi +115 other locations,20700.0,23.0,1986 (40 yrs old),Pharma,New Delhi +115 other locations,new-delhi
Access Healthcare,3.7,BPO | New Delhi +64 other locations,28400.0,503.0,2011 (15 yrs old),BPO,New Delhi +64 other locations,new-delhi
Siemens,3.9,Industrial Automation | New Delhi +152 other locations,33500.0,134.0,,Industrial Automation,New Delhi +152 other locations,new-delhi
BigBasket,3.9,Internet | New Delhi +138 other locations,19100.0,103.0,,Internet,New Delhi +138 other locations,new-delhi
Manappuram Finance,3.9,NBFC | New Delhi +647 other locations,9100.0,6.0,1949 (77 yrs old),NBFC,New Delhi +647 other locations,new-delhi
Firstsource Solutions,3.5,BPO | New Delhi +74 other locations,24000.0,139.0,2001 (25 yrs old),BPO,New Delhi +74 other locations,new-delhi
Shapoorji Pallonji Group,4.1,Engineering & Construction | New Delhi +188 other locations,23700.0,76.5,,Engineering & Construction,New Delhi +188 other locations,new-delhi
Tata Capital,4.0,NBFC | New Delhi +438 other locations,15700.0,3100.0,2007 (19 yrs old),NBFC,New Delhi +438 other locations,new-delhi
GlobalLogic,3.5,IT Services & Consulting | New Delhi +60 other locations,40500.0,46.0,2000 (26 yrs old),IT Services & Consulting,New Delhi +60 other locations,new-delhi
ICICI Lombard General Insurance Company,3.5,Insurance | New Delhi +311 other locations,23700.0,76.5,,Insurance,New Delhi +311 other locations,new-delhi
Standard Chartered,3.6,Banking | New Delhi +68 other locations,42000.0,76.5,1853 (173 yrs old),Banking,New Delhi +68 other locations,new-delhi
Mahindra Finance,3.9,NBFC | New Delhi +730 other locations,12000.0,390.0,1991 (35 yrs old),NBFC,New Delhi +730 other locations,new-delhi
PolicyBazaar,3.7,Internet | New Delhi +149 other locations,17100.0,434.0,,Internet,New Delhi +149 other locations,new-delhi
Bosch Global Software Technologies,3.7,IT Services & Consulting | New Delhi +47 other locations,39900.0,14.0,1997 (29 yrs old),IT Services & Consulting,New Delhi +47 other locations,new-delhi
Apollo Hospitals,4.1,Healthcare | New Delhi +229 other locations,16400.0,168.0,1983 (43 yrs old),Healthcare,New Delhi +229 other locations,new-delhi
UST,3.7,IT Services & Consulting | New Delhi +50 other locations,39400.0,142.0,,IT Services & Consulting,New Delhi +50 other locations,new-delhi
Ashok Leyland,4.0,Automobile | New Delhi +259 other locations,18700.0,76.5,1948 (78 yrs old),Automobile,New Delhi +259 other locations,new-delhi
Citicorp,3.7,Financial Services | New Delhi +68 other locations,51900.0,76.5,1997 (29 yrs old),Financial Services,New Delhi +68 other locations,new-delhi
Swiggy,3.7,Internet | New Delhi +230 other locations,22800.0,281.0,2014 (12 yrs old),Internet,New Delhi +230 other locations,new-delhi
Hero MotoCorp,4.1,Automobile | New Delhi +366 other locations,15700.0,76.5,1984 (42 yrs old),Automobile,New Delhi +366 other locations,new-delhi
Cyient,3.6,IT Services & Consulting | New Delhi +48 other locations,27300.0,78.0,1991 (35 yrs old),IT Services & Consulting,New Delhi +48 other locations,new-delhi
CGI Group,4.0,IT Services & Consulting | New Delhi +43 other locations,45200.0,655.0,1976 (50 yrs old),IT Services & Consulting,New Delhi +43 other locations,new-delhi
SBI Cards & Payment Services,3.6,Financial Services | New Delhi +436 other locations,23700.0,76.5,,Financial Services,New Delhi +436 other locations,new-delhi
Kalpataru Projects International,4.1,Engineering & Construction | New Delhi +321 other locations,13600.0,1.0,1981 (45 yrs old),Engineering & Construction,New Delhi +321 other locations,new-delhi
JustDial,3.5,Internet | New Delhi +229 other locations,15400.0,53.0,1996 (30 yrs old),Internet,New Delhi +229 other locations,new-delhi
BNY,3.7,Financial Services | New Delhi +25 other locations,30600.0,1.0,1784 (242 yrs old),Financial Services,New Delhi +25 other locations,new-delhi
IQVIA,3.7,Clinical Research | New Delhi +64 other locations,30600.0,20.0,10k-50k,Clinical Research,New Delhi +64 other locations,new-delhi
Nagarjuna Construction Company,4.0,Engineering & Construction | New Delhi +295 other locations,12000.0,11.0,1998 (28 yrs old),Engineering & Construction,New Delhi +295 other locations,new-delhi
NTT Data,3.8,IT Services & Consulting | New Delhi +81 other locations,23700.0,76.5,,IT Services & Consulting,New Delhi +81 other locations,new-delhi
SBI Life Insurance Company,3.7,Insurance | New Delhi +655 other locations,11700.0,6.0,2001 (25 yrs old),Insurance,New Delhi +655 other locations,new-delhi
CBRE,4.1,Real Estate | New Delhi +91 other locations,18700.0,19.0,1906 (120 yrs old),Real Estate,New Delhi +91 other locations,new-delhi
TVS Motor,3.9,Automobile | New Delhi +349 other locations,15800.0,64.0,1979 (47 yrs old),Automobile,New Delhi +349 other locations,new-delhi
Schneider Electric,4.2,Industrial Automation | New Delhi +119 other locations,24400.0,24.0,1999 (27 yrs old),Industrial Automation,New Delhi +119 other locations,new-delhi
Persistent Systems,3.6,IT Services & Consulting | New Delhi +41 other locations,44400.0,235.0,,IT Services & Consulting,New Delhi +41 other locations,new-delhi
State Bank of India,3.8,Banking | New Delhi +618 other locations,11600.0,10.0,1806 (220 yrs old),Banking,New Delhi +618 other locations,new-delhi
vivo,4.1,Consumer Electronics & Appliances | New Delhi +414 other locations,12900.0,11.0,2009 (17 yrs old),Consumer Electronics & Appliances,New Delhi +414 other locations,new-delhi
vivo,4.1,Consumer Electronics & Appliances | New Delhi +414 other locations,12900.0,11.0,2009 (17 yrs old),Consumer Electronics & Appliances,New Delhi +414 other locations,new-delhi
Ecom Express,4.0,Logistics | New Delhi +775 other locations,9500.0,76.5,2012 (14 yrs old),Logistics,New Delhi +775 other locations,new-delhi
Eviden,3.6,IT Services & Consulting | New Delhi +39 other locations,28000.0,8.0,1k-5k,IT Services & Consulting,New Delhi +39 other locations,new-delhi
KEC International,4.0,Engineering & Construction | New Delhi +313 other locations,13300.0,6.0,1945 (81 yrs old),Engineering & Construction,New Delhi +313 other locations,new-delhi
Amdocs,3.6,Software Product | New Delhi +23 other locations,37400.0,11.0,1982 (44 yrs old),Software Product,New Delhi +23 other locations,new-delhi
JBM Group,3.9,Auto Components | New Delhi +117 other locations,13900.0,45.0,,Auto Components,New Delhi +117 other locations,new-delhi
Nagarro,3.9,IT Services & Consulting | New Delhi +49 other locations,32000.0,945.0,1996 (30 yrs old),IT Services & Consulting,New Delhi +49 other locations,new-delhi
Varun Beverages,4.0,Beverage | New Delhi +379 other locations,12000.0,41.0,1995 (31 yrs old),Beverage,New Delhi +379 other locations,new-delhi
ITC Infotech,3.7,IT Services & Consulting | New Delhi +67 other locations,29500.0,78.0,2000 (26 yrs old),IT Services & Consulting,New Delhi +67 other locations,new-delhi
Home Credit Finance,4.0,NBFC | New Delhi +136 other locations,9400.0,96.0,2012 (14 yrs old),NBFC,New Delhi +136 other locations,new-delhi
Bosch,4.1,Auto Components | New Delhi +130 other locations,20700.0,76.5,1886 (140 yrs old),Auto Components,New Delhi +130 other locations,new-delhi
Randstad,3.7,Recruitment | New Delhi +352 other locations,16400.0,8.0,1992 (34 yrs old),Recruitment,New Delhi +352 other locations,new-delhi
EY Global Delivery Services ( EY GDS),3.5,IT Services & Consulting | New Delhi +56 other locations,23700.0,76.5,,IT Services & Consulting,New Delhi +56 other locations,new-delhi
Hewlett Packard Enterprise,4.1,IT Services & Consulting | New Delhi +103 other locations,27100.0,220.0,2015 (11 yrs old),IT Services & Consulting,New Delhi +103 other locations,new-delhi
Utkarsh Small Finance Bank,3.6,Banking | New Delhi +407 other locations,10800.0,26.0,2009 (17 yrs old),Banking,New Delhi +407 other locations,new-delhi
Mahindra Logistics,3.7,Logistics | New Delhi +233 other locations,280000.0,383.0,1986 (40 yrs old),Logistics,New Delhi +233 other locations,new-delhi
Aditya Birla Fashion and Retail,4.1,Fashion & Textile | New Delhi +291 other locations,13100.0,76.0,,Fashion & Textile,New Delhi +291 other locations,new-delhi
L&T Finance,3.9,NBFC | New Delhi +634 other locations,23700.0,76.5,,NBFC,New Delhi +634 other locations,new-delhi
OPPO,3.9,Consumer Electronics & Appliances | New Delhi +410 other locations,11800.0,10.0,2004 (22 yrs old),Consumer Electronics & Appliances,New Delhi +410 other locations,new-delhi
Dell,3.8,Consumer Electronics & Appliances | New Delhi +117 other locations,28700.0,16.0,1984 (42 yrs old),Consumer Electronics & Appliances,New Delhi +117 other locations,new-delhi
CARS24,3.4,Internet | New Delhi +173 other locations,23700.0,76.5,,Internet,New Delhi +173 other locations,new-delhi
Havells,3.9,Electrical Equipment | New Delhi +260 other locations,15500.0,34.0,1983 (43 yrs old),Electrical Equipment,New Delhi +260 other locations,new-delhi
Intas Pharmaceuticals,4.1,Pharma | New Delhi +148 other locations,17300.0,54.0,1977 (49 yrs old),Pharma,New Delhi +148 other locations,new-delhi
R1 RCM,3.8,BPO | New Delhi +46 other locations,21100.0,163.0,2007 (19 yrs old),BPO,New Delhi +46 other locations,new-delhi
Tata AIA Life Insurance,3.9,Insurance | New Delhi +442 other locations,14100.0,680.0,2001 (25 yrs old),Insurance,New Delhi +442 other locations,new-delhi
Hyundai Motor India Limited,4.1,Automobile | New Delhi +287 other locations,13800.0,3.0,1967 (59 yrs old),Automobile,New Delhi +287 other locations,new-delhi
Deutsche Bank,3.8,Banking | New Delhi +42 other locations,36000.0,391.0,1870 (156 yrs old),Banking,New Delhi +42 other locations,new-delhi
Hetero,3.9,Pharma | New Delhi +67 other locations,15000.0,141.0,,Pharma,New Delhi +67 other locations,new-delhi
Motilal Oswal Financial Services,3.7,Financial Services | New Delhi +168 other locations,12900.0,45.0,,Financial Services,New Delhi +168 other locations,new-delhi
Team Lease,3.9,Recruitment | New Delhi +396 other locations,16000.0,76.5,2016 (10 yrs old),Recruitment,New Delhi +396 other locations,new-delhi
Berger Paints,3.7,Chemicals | New Delhi +353 other locations,10000.0,131.0,,Chemicals,New Delhi +353 other locations,new-delhi
VE Commercial Vehicles,3.9,Automobile | New Delhi +179 other locations,14100.0,8.0,2008 (18 yrs old),Automobile,New Delhi +179 other locations,new-delhi
Lenskart,3.3,Internet | New Delhi +240 other locations,13200.0,126.0,,Internet,New Delhi +240 other locations,new-delhi
Thermax Limited,4.2,Industrial Machinery | New Delhi +250 other locations,23700.0,76.5,,Industrial Machinery,New Delhi +250 other locations,new-delhi
Bajaj Auto,3.8,Automobile | New Delhi +317 other locations,14500.0,76.5,1945 (81 yrs old),Automobile,New Delhi +317 other locations,new-delhi
Macleods Pharmaceuticals,3.7,Pharma | New Delhi +133 other locations,15500.0,10.0,1986 (40 yrs old),Pharma,New Delhi +133 other locations,new-delhi
Aakash Educational Services,3.2,Education & Training | New Delhi +244 other locations,13600.0,71.0,1988 (38 yrs old),Education & Training,New Delhi +244 other locations,new-delhi
Kogta Financial India Limited,4.7,NBFC | New Delhi +259 other locations,1900.0,115.0,1996 (30 yrs old),NBFC,New Delhi +259 other locations,new-delhi
Jubilant Foods Works,3.7,Hospitality | New Delhi +262 other locations,9200.0,192.0,1995 (31 yrs old),Hospitality,New Delhi +262 other locations,new-delhi
LG Electronics,3.9,Consumer Electronics & Appliances | New Delhi +298 other locations,11000.0,76.5,1958 (68 yrs old),Consumer Electronics & Appliances,New Delhi +298 other locations,new-delhi
Royal Enfield,4.2,Automobile | New Delhi +372 other locations,14800.0,20.0,1901 (125 yrs old),Automobile,New Delhi +372 other locations,new-delhi
Hindalco Industries,4.2,Metals & Mining | New Delhi +127 other locations,12400.0,4.0,1958 (68 yrs old),Metals & Mining,New Delhi +127 other locations,new-delhi
Jindal Steel Limited,3.9,Iron & Steel | New Delhi +172 other locations,15400.0,31.0,1979 (47 yrs old),Iron & Steel,New Delhi +172 other locations,new-delhi
John Deere,4.0,Industrial Machinery | New Delhi +155 other locations,15200.0,1.0,2001 (25 yrs old),Industrial Machinery,New Delhi +155 other locations,new-delhi
Tata Communications,3.9,Telecom | New Delhi +102 other locations,23500.0,33.0,1986 (40 yrs old),Telecom,New Delhi +102 other locations,new-delhi
DCB Bank,3.8,Banking | New Delhi +341 other locations,9500.0,11.0,,Banking,New Delhi +341 other locations,new-delhi
HDFC Ergo General Insurance,4.0,Insurance | New Delhi +324 other locations,12000.0,10.0,2002 (24 yrs old),Insurance,New Delhi +324 other locations,new-delhi
State Street Corporation,3.5,Financial Services | New Delhi +34 other locations,31400.0,8.0,1792 (234 yrs old),Financial Services,New Delhi +34 other locations,new-delhi
RBL Bank,3.5,Banking | New Delhi +284 other locations,18300.0,53.0,1943 (83 yrs old),Banking,New Delhi +284 other locations,new-delhi
Cummins,4.3,Industrial Machinery | New Delhi +114 other locations,15500.0,8.0,1919 (107 yrs old),Industrial Machinery,New Delhi +114 other locations,new-delhi
Oyo Rooms,3.1,Internet | New Delhi +121 other locations,14400.0,127.0,2012 (14 yrs old),Internet,New Delhi +121 other locations,new-delhi
Pidilite Industries,4.2,Chemicals | New Delhi +312 other locations,11400.0,3.0,,Chemicals,New Delhi +312 other locations,new-delhi
Alembic Pharmaceuticals,3.9,Pharma | New Delhi +187 other locations,15300.0,72.0,1907 (119 yrs old),Pharma,New Delhi +187 other locations,new-delhi
Reliance Communications,4.0,Telecom | New Delhi +467 other locations,9600.0,76.5,2002 (24 yrs old),Telecom,New Delhi +467 other locations,new-delhi
Bank of America,4.1,Banking | New Delhi +35 other locations,28100.0,76.5,1998 (28 yrs old),Banking,New Delhi +35 other locations,new-delhi
Carelon Global Solutions,3.9,IT Services & Consulting | New Delhi +21 other locations,26600.0,19.0,10k-50k,IT Services & Consulting,New Delhi +21 other locations,new-delhi
Publicis Sapient,3.4,IT Services & Consulting | New Delhi +46 other locations,30900.0,254.0,,IT Services & Consulting,New Delhi +46 other locations,new-delhi
Viatris,4.1,Pharma | New Delhi +81 other locations,14200.0,4.0,,Pharma,New Delhi +81 other locations,new-delhi
PVR INOX,3.9,Media & Entertainment | New Delhi +150 other locations,23700.0,76.5,,Media & Entertainment,New Delhi +150 other locations,new-delhi
Subros,3.8,Auto Components | New Delhi +88 other locations,12500.0,1.0,1985 (41 yrs old),Auto Components,New Delhi +88 other locations,new-delhi
American Express,4.1,Financial Services | New Delhi +53 other locations,24400.0,149.0,1850 (176 yrs old),Financial Services,New Delhi +53 other locations,new-delhi
XpressBees,4.2,Logistics | New Delhi +474 other locations,8200.0,10.0,2015 (11 yrs old),Logistics,New Delhi +474 other locations,new-delhi
Automatic Data Processing (ADP),3.9,Software Product | New Delhi +40 other locations,23700.0,76.5,,Software Product,New Delhi +40 other locations,new-delhi
PNB MetLife,3.4,Insurance | New Delhi +423 other locations,8000.0,15.0,2001 (25 yrs old),Insurance,New Delhi +423 other locations,new-delhi
Kyndryl,3.9,IT Services & Consulting | New Delhi +37 other locations,26100.0,35.0,,IT Services & Consulting,New Delhi +37 other locations,new-delhi
Escorts Kubota Limited,4.1,Automobile | New Delhi +155 other locations,13300.0,3.0,,Automobile,New Delhi +155 other locations,new-delhi
Aditya Birla Sun Life Insurance,4.0,Insurance | New Delhi +488 other locations,9900.0,76.5,2000 (26 yrs old),Insurance,New Delhi +488 other locations,new-delhi
Grasim Industries,4.0,Building Material | New Delhi +241 other locations,12700.0,4.0,1947 (79 yrs old),Building Material,New Delhi +241 other locations,new-delhi
Aditya Birla Capital,3.8,NBFC | New Delhi +338 other locations,14300.0,3.0,2017 (9 yrs old),NBFC,New Delhi +338 other locations,new-delhi
Maersk,4.0,Logistics | New Delhi +49 other locations,18900.0,32.0,,Logistics,New Delhi +49 other locations,new-delhi
Synechron,3.5,IT Services & Consulting | New Delhi +32 other locations,27900.0,61.0,2001 (25 yrs old),IT Services & Consulting,New Delhi +32 other locations,new-delhi
Glenmark Pharmaceuticals,3.8,Pharma | New Delhi +184 other locations,12100.0,125.0,1977 (49 yrs old),Pharma,New Delhi +184 other locations,new-delhi
Birlasoft,3.5,IT Services & Consulting | New Delhi +50 other locations,29700.0,475.0,1995 (31 yrs old),IT Services & Consulting,New Delhi +50 other locations,new-delhi
Dabur,3.8,FMCG | New Delhi +320 other locations,8800.0,22.0,1884 (142 yrs old),FMCG,New Delhi +320 other locations,new-delhi
Godrej & Boyce Manufacturing,3.9,Consumer Electronics & Appliances | New Delhi +165 other locations,23700.0,76.5,,Consumer Electronics & Appliances,New Delhi +165 other locations,new-delhi
Samvardhana Motherson Group,3.7,Auto Components | New Delhi +93 other locations,12000.0,11.0,1986 (40 yrs old),Auto Components,New Delhi +93 other locations,new-delhi
Altruist Technologies,4.4,BPO | New Delhi +45 other locations,8200.0,8.0,2005 (21 yrs old),BPO,New Delhi +45 other locations,new-delhi
Cogent E Services,3.2,BPO | New Delhi +55 other locations,10300.0,1.0,2004 (22 yrs old),BPO,New Delhi +55 other locations,new-delhi
Sodexo,4.0,Facility Management Services | New Delhi +156 other locations,9700.0,1100.0,1966 (60 yrs old),Facility Management Services,New Delhi +156 other locations,new-delhi
JK Cement,4.0,Building Material | New Delhi +327 other locations,9800.0,1.0,1975 (51 yrs old),Building Material,New Delhi +327 other locations,new-delhi
TCS,3.3,IT Services & Consulting | Noida +438 other locations,970000.0,2000.0,1968 (58 yrs old),IT Services & Consulting,Noida +438 other locations,noida
Accenture,3.7,IT Services & Consulting | Noida +255 other locations,650000.0,31900.0,1989 (37 yrs old),IT Services & Consulting,Noida +255 other locations,noida
Wipro,3.6,IT Services & Consulting | Noida +370 other locations,480000.0,6500.0,1945 (81 yrs old),IT Services & Consulting,Noida +370 other locations,noida
Cognizant,3.6,IT Services & Consulting | Noida +229 other locations,600000.0,730.0,1994 (32 yrs old),IT Services & Consulting,Noida +229 other locations,noida
Capgemini,3.7,IT Services & Consulting | Noida +184 other locations,470000.0,1900.0,1967 (59 yrs old),IT Services & Consulting,Noida +184 other locations,noida
HDFC Bank,3.8,Banking | Noida +1821 other locations,150000.0,266.0,1994 (32 yrs old),Banking,Noida +1821 other locations,noida
Infosys,3.5,IT Services & Consulting | Noida +246 other locations,520000.0,2700.0,,IT Services & Consulting,Noida +246 other locations,noida
ICICI Bank,4.0,Banking | Noida +1437 other locations,150000.0,22.0,1994 (32 yrs old),Banking,Noida +1437 other locations,noida
HCLTech,3.4,IT Services & Consulting | Noida +226 other locations,370000.0,165.0,,IT Services & Consulting,Noida +226 other locations,noida
Tech Mahindra,3.4,IT Services & Consulting | Noida +331 other locations,280000.0,382.0,1986 (40 yrs old),IT Services & Consulting,Noida +331 other locations,noida
Genpact,3.6,IT Services & Consulting | Noida +182 other locations,230000.0,850.0,1997 (29 yrs old),IT Services & Consulting,Noida +182 other locations,noida
Teleperformance,3.8,BPO | Noida +254 other locations,95800.0,1300.0,1978 (48 yrs old),BPO,Noida +254 other locations,noida
Axis Bank,3.6,Banking | Noida +1498 other locations,100000.0,217.0,1993 (33 yrs old),Banking,Noida +1498 other locations,noida
Jio,4.4,Telecom | Noida +1893 other locations,62000.0,3.0,2018 (8 yrs old),Telecom,Noida +1893 other locations,noida
Concentrix Corporation,3.6,BPO | Noida +179 other locations,130000.0,82.0,1983 (43 yrs old),BPO,Noida +179 other locations,noida
Amazon,3.9,Internet | Noida +518 other locations,150000.0,1600.0,1994 (32 yrs old),Internet,Noida +518 other locations,noida
iEnergizer,4.6,BPO | Noida +52 other locations,23900.0,68.0,,BPO,Noida +52 other locations,noida
Reliance Retail,3.9,Retail | Noida +1150 other locations,74700.0,152.0,2006 (20 yrs old),Retail,Noida +1150 other locations,noida
LTIMindtree,3.6,IT Services & Consulting | Noida +146 other locations,190000.0,450.0,1997 (29 yrs old),IT Services & Consulting,Noida +146 other locations,noida
IBM,3.9,IT Services & Consulting | Noida +160 other locations,210000.0,813.0,1911 (115 yrs old),IT Services & Consulting,Noida +160 other locations,noida
HDB Financial Services,3.9,NBFC | Noida +1090 other locations,50200.0,203.0,2007 (19 yrs old),NBFC,Noida +1090 other locations,noida
Larsen & Toubro Limited,3.9,Engineering & Construction | Noida +754 other locations,23700.0,77.5,,Engineering & Construction,Noida +754 other locations,noida
Deloitte,3.7,Management Consulting | Noida +187 other locations,250000.0,1500.0,1845 (181 yrs old),Management Consulting,Noida +187 other locations,noida
Kotak Mahindra Bank,3.6,Banking | Noida +681 other locations,87000.0,80.0,,Banking,Noida +681 other locations,noida
Reliance Industries,4.0,Oil & Gas | Noida +812 other locations,72400.0,58.0,1977 (49 yrs old),Oil & Gas,Noida +812 other locations,noida
Vodafone Idea,3.9,Telecom | Noida +704 other locations,50300.0,30.0,2018 (8 yrs old),Telecom,Noida +704 other locations,noida
Bharti Airtel,3.8,Telecom | Noida +789 other locations,49000.0,120.0,1952 (74 yrs old),Telecom,Noida +789 other locations,noida
BYJU'S,3.2,EdTech | Noida +321 other locations,53600.0,77.5,2011 (15 yrs old),EdTech,Noida +321 other locations,noida
WNS,3.3,IT Services & Consulting | Noida +65 other locations,69800.0,83.0,1996 (30 yrs old),IT Services & Consulting,Noida +65 other locations,noida
Tata Motors,4.1,Automobile | Noida +506 other locations,42500.0,172.0,1945 (81 yrs old),Automobile,Noida +506 other locations,noida
IDFC FIRST Bank,3.9,Banking | Noida +712 other locations,48500.0,32.0,,Banking,Noida +712 other locations,noida
Ernst & Young,3.4,Management Consulting | Noida +132 other locations,23700.0,77.5,,Management Consulting,Noida +132 other locations,noida
IndusInd Bank,3.4,Banking | Noida +788 other locations,51700.0,141.0,,Banking,Noida +788 other locations,noida
AU Small Finance Bank,3.9,Banking | Noida +783 other locations,28700.0,44.0,1996 (30 yrs old),Banking,Noida +783 other locations,noida
Flipkart,3.9,Internet | Noida +560 other locations,53900.0,179.0,2007 (19 yrs old),Internet,Noida +560 other locations,noida
Bajaj Finserv,3.9,NBFC | Noida +1162 other locations,30000.0,4.0,2007 (19 yrs old),NBFC,Noida +1162 other locations,noida
Muthoot FinCorp,4.5,NBFC | Noida +1087 other locations,9000.0,43.0,,NBFC,Noida +1087 other locations,noida
PwC,3.3,Management Consulting | Noida +133 other locations,120000.0,899.0,1880 (146 yrs old),Management Consulting,Noida +133 other locations,noida
Mahindra & Mahindra,4.0,Automobile | Noida +562 other locations,23700.0,77.5,,Automobile,Noida +562 other locations,noida
DXC Technology,3.6,IT Services & Consulting | Noida +133 other locations,72800.0,198.0,2017 (9 yrs old),IT Services & Consulting,Noida +133 other locations,noida
Infosys BPM,3.5,BPO | Noida +95 other locations,72500.0,98.0,2002 (24 yrs old),BPO,Noida +95 other locations,noida
HDFC Life,3.9,Insurance | Noida +698 other locations,32900.0,119.0,,Insurance,Noida +698 other locations,noida
Bandhan Bank,3.7,Banking | Noida +995 other locations,25300.0,13.0,,Banking,Noida +995 other locations,noida
Conneqt Business Solutions,3.6,BPO | Noida +266 other locations,26400.0,361.0,2002 (24 yrs old),BPO,Noida +266 other locations,noida
Mphasis,3.3,IT Services & Consulting | Noida +63 other locations,73200.0,47.0,1998 (28 yrs old),IT Services & Consulting,Noida +63 other locations,noida
Yes Bank,3.7,Banking | Noida +540 other locations,43400.0,141.0,2004 (22 yrs old),Banking,Noida +540 other locations,noida
Tata Steel,4.0,Iron & Steel | Noida +228 other locations,33800.0,77.5,1907 (119 yrs old),Iron & Steel,Noida +228 other locations,noida
Quess,3.8,Recruitment | Noida +740 other locations,30500.0,9.0,2007 (19 yrs old),Recruitment,Noida +740 other locations,noida
Maruti Suzuki,4.2,Automobile | Noida +451 other locations,28400.0,11.0,1981 (45 yrs old),Automobile,Noida +451 other locations,noida
Startek,3.1,BPO | Noida +105 other locations,24400.0,130.0,2017 (9 yrs old),BPO,Noida +105 other locations,noida
Asian Paints,4.0,Chemicals | Noida +547 other locations,25200.0,66.0,,Chemicals,Noida +547 other locations,noida
UltraTech Cement,4.1,Building Material | Noida +534 other locations,24300.0,27.0,1983 (43 yrs old),Building Material,Noida +534 other locations,noida
Paytm,3.2,FinTech | Noida +418 other locations,33900.0,718.0,,FinTech,Noida +418 other locations,noida
Shriram Finance,4.0,NBFC | Noida +1109 other locations,15300.0,8.0,1979 (47 yrs old),NBFC,Noida +1109 other locations,noida
Bajaj Finance,3.9,NBFC | Noida +965 other locations,22700.0,7000.0,1987 (39 yrs old),NBFC,Noida +965 other locations,noida
Equitas Small Finance Bank,4.4,Banking | Noida +479 other locations,13400.0,15.0,,Banking,Noida +479 other locations,noida
Sutherland Global Services,3.4,BPO | Noida +82 other locations,34400.0,250.0,,BPO,Noida +82 other locations,noida
EXL Service,3.6,Analytics & KPO | Noida +63 other locations,44100.0,1500.0,,Analytics & KPO,Noida +63 other locations,noida
Cipla,4.1,Pharma | Noida +291 other locations,26000.0,66.0,1935 (91 yrs old),Pharma,Noida +291 other locations,noida
Samsung,3.9,Consumer Electronics & Appliances | Noida +578 other locations,26200.0,27.0,1969 (57 yrs old),Consumer Electronics & Appliances,Noida +578 other locations,noida
Ericsson,3.9,Telecom | Noida +162 other locations,42500.0,70.0,,Telecom,Noida +162 other locations,noida
Wells Fargo,3.7,Financial Services | Noida +28 other locations,55200.0,169.0,,Financial Services,Noida +28 other locations,noida
Dr. Reddy's,4.0,Pharma | Noida +213 other locations,23700.0,77.5,,Pharma,Noida +213 other locations,noida
Optum Global Solutions,4.0,IT Services & Consulting | Noida +68 other locations,48400.0,73.0,2002 (24 yrs old),IT Services & Consulting,Noida +68 other locations,noida
Delhivery,3.8,Logistics | Noida +751 other locations,21300.0,179.0,2011 (15 yrs old),Logistics,Noida +751 other locations,noida
ICICI Prudential Life Insurance,4.0,Insurance | Noida +505 other locations,22500.0,513.0,2000 (26 yrs old),Insurance,Noida +505 other locations,noida
JPMorgan Chase & Co.,3.8,Financial Services | Noida +55 other locations,23700.0,77.5,,Financial Services,Noida +55 other locations,noida
JSW Steel,3.9,Iron & Steel | Noida +193 other locations,30400.0,108.0,1982 (44 yrs old),Iron & Steel,Noida +193 other locations,noida
HGS,3.7,BPO | Noida +121 other locations,20900.0,18.0,2000 (26 yrs old),BPO,Noida +121 other locations,noida
Jana Small Finance Bank,3.8,Banking | Noida +419 other locations,14200.0,54.0,2006 (20 yrs old),Banking,Noida +419 other locations,noida
Sun Pharmaceutical Industries,4.1,Pharma | Noida +264 other locations,23500.0,287.0,,Pharma,Noida +264 other locations,noida
Ujjivan Small Finance Bank,4.0,Banking | Noida +533 other locations,12800.0,136.0,2017 (9 yrs old),Banking,Noida +533 other locations,noida
Hexaware Technologies,3.4,IT Services & Consulting | Noida +67 other locations,53100.0,636.0,1990 (36 yrs old),IT Services & Consulting,Noida +67 other locations,noida
Amazon Development Centre India,3.8,Internet | Noida +146 other locations,23700.0,77.5,,Internet,Noida +146 other locations,noida
Lupin,4.1,Pharma | Noida +202 other locations,22500.0,33.0,,Pharma,Noida +202 other locations,noida
L&T Construction,4.0,Engineering & Construction | Noida +433 other locations,23700.0,77.5,,Engineering & Construction,Noida +433 other locations,noida
Zydus Lifesciences,3.9,Pharma | Noida +177 other locations,19900.0,21.0,1952 (74 yrs old),Pharma,Noida +177 other locations,noida
Ekart Logistics,3.9,Logistics | Noida +736 other locations,15800.0,77.5,2009 (17 yrs old),Logistics,Noida +736 other locations,noida
Hindustan Unilever,4.2,FMCG | Noida +531 other locations,20000.0,48.0,1872 (154 yrs old),FMCG,Noida +531 other locations,noida
KPMG India,3.4,Management Consulting | Noida +111 other locations,64700.0,63.0,1993 (33 yrs old),Management Consulting,Noida +111 other locations,noida
ITC,3.9,FMCG | Noida +375 other locations,24400.0,77.0,1910 (116 yrs old),FMCG,Noida +375 other locations,noida
Axis Max Life Insurance,4.0,Insurance | Noida +494 other locations,20000.0,143.0,2000 (26 yrs old),Insurance,Noida +494 other locations,noida
Megha Engineering & Infrastructures,3.9,Engineering & Construction | Noida +405 other locations,23700.0,77.5,,Engineering & Construction,Noida +405 other locations,noida
Tata Projects,4.2,Engineering & Construction | Noida +285 other locations,22100.0,29.0,,Engineering & Construction,Noida +285 other locations,noida
Coforge,3.2,IT Services & Consulting | Noida +104 other locations,48500.0,128.0,,IT Services & Consulting,Noida +104 other locations,noida
FIS,3.8,FinTech | Noida +61 other locations,38700.0,122.0,,FinTech,Noida +61 other locations,noida
L&T Technology Services,3.1,IT Services & Consulting | Noida +93 other locations,23700.0,77.5,,IT Services & Consulting,Noida +93 other locations,noida
Bajaj Life Insurance,3.9,Insurance | Noida +607 other locations,23700.0,77.5,,Insurance,Noida +607 other locations,noida
Cholamandalam Investment & Finance,3.8,Financial Services | Noida +840 other locations,23700.0,77.5,,Financial Services,Noida +840 other locations,noida
IIFL Finance,4.0,NBFC | Noida +801 other locations,14200.0,73.0,1995 (31 yrs old),NBFC,Noida +801 other locations,noida
Oracle,3.5,Software Product | Noida +56 other locations,62500.0,1200.0,1977 (49 yrs old),Software Product,Noida +56 other locations,noida
Indian Army,4.7,Defence & Aerospace | Noida +364 other locations,9600.0,77.5,1895 (131 yrs old),Defence & Aerospace,Noida +364 other locations,noida
Muthoot Finance,3.7,NBFC | Noida +783 other locations,13000.0,93.0,,NBFC,Noida +783 other locations,noida
JLL,4.1,Real Estate | Noida +85 other locations,24200.0,241.0,1999 (27 yrs old),Real Estate,Noida +85 other locations,noida
eClerx,3.1,IT Services & Consulting | Noida +32 other locations,31700.0,233.0,2000 (26 yrs old),IT Services & Consulting,Noida +32 other locations,noida
HCL Group,3.5,IT Services & Consulting | Noida +97 other locations,370000.0,165.0,,IT Services & Consulting,Noida +97 other locations,noida
Piramal Finance,4.2,NBFC | Noida +424 other locations,12700.0,5.0,10k-50k,NBFC,Noida +424 other locations,noida
Virtusa Consulting Services,3.7,IT Services & Consulting | Noida +55 other locations,56300.0,1300.0,1996 (30 yrs old),IT Services & Consulting,Noida +55 other locations,noida
DMart,3.9,Retail | Noida +246 other locations,18500.0,177.0,2002 (24 yrs old),Retail,Noida +246 other locations,noida
HSBC Group,3.9,Financial Services | Noida +63 other locations,42600.0,130.0,1865 (161 yrs old),Financial Services,Noida +63 other locations,noida
Indiamart Intermesh,3.5,Internet | Noida +173 other locations,20000.0,532.0,1996 (30 yrs old),Internet,Noida +173 other locations,noida
Udaan,3.9,Internet | Noida +368 other locations,15600.0,5.0,,Internet,Noida +368 other locations,noida
SMFG India Credit,3.9,NBFC | Noida +594 other locations,11000.0,81.0,2007 (19 yrs old),NBFC,Noida +594 other locations,noida
Access Healthcare,3.7,BPO | Noida +64 other locations,28400.0,503.0,2011 (15 yrs old),BPO,Noida +64 other locations,noida
Siemens,3.9,Industrial Automation | Noida +152 other locations,33500.0,134.0,,Industrial Automation,Noida +152 other locations,noida
BigBasket,3.9,Internet | Noida +138 other locations,19100.0,104.0,,Internet,Noida +138 other locations,noida
Manappuram Finance,3.9,NBFC | Noida +649 other locations,9100.0,6.0,1949 (77 yrs old),NBFC,Noida +649 other locations,noida
Firstsource Solutions,3.5,BPO | Noida +74 other locations,24000.0,139.0,2001 (25 yrs old),BPO,Noida +74 other locations,noida
Shapoorji Pallonji Group,4.1,Engineering & Construction | Noida +188 other locations,23700.0,77.5,,Engineering & Construction,Noida +188 other locations,noida
Tata Capital,4.0,NBFC | Noida +438 other locations,15700.0,3100.0,2007 (19 yrs old),NBFC,Noida +438 other locations,noida
GlobalLogic,3.5,IT Services & Consulting | Noida +60 other locations,40500.0,46.0,2000 (26 yrs old),IT Services & Consulting,Noida +60 other locations,noida
ICICI Lombard General Insurance Company,3.5,Insurance | Noida +311 other locations,23700.0,77.5,,Insurance,Noida +311 other locations,noida
Standard Chartered,3.6,Banking | Noida +68 other locations,42000.0,77.5,1853 (173 yrs old),Banking,Noida +68 other locations,noida
Mahindra Finance,3.9,NBFC | Noida +730 other locations,12000.0,390.0,1991 (35 yrs old),NBFC,Noida +730 other locations,noida
PolicyBazaar,3.7,Internet | Noida +149 other locations,17100.0,434.0,,Internet,Noida +149 other locations,noida
Bosch Global Software Technologies,3.7,IT Services & Consulting | Noida +47 other locations,39900.0,14.0,1997 (29 yrs old),IT Services & Consulting,Noida +47 other locations,noida
Apollo Hospitals,4.1,Healthcare | Noida +229 other locations,16400.0,168.0,1983 (43 yrs old),Healthcare,Noida +229 other locations,noida
UST,3.7,IT Services & Consulting | Noida +50 other locations,39400.0,142.0,,IT Services & Consulting,Noida +50 other locations,noida
Ashok Leyland,4.0,Automobile | Noida +259 other locations,18700.0,77.5,1948 (78 yrs old),Automobile,Noida +259 other locations,noida
Citicorp,3.7,Financial Services | Noida +68 other locations,51900.0,77.5,1997 (29 yrs old),Financial Services,Noida +68 other locations,noida
Swiggy,3.7,Internet | Noida +230 other locations,22800.0,281.0,2014 (12 yrs old),Internet,Noida +230 other locations,noida
Hero MotoCorp,4.1,Automobile | Noida +366 other locations,15700.0,77.5,1984 (42 yrs old),Automobile,Noida +366 other locations,noida
Cyient,3.6,IT Services & Consulting | Noida +48 other locations,27300.0,78.0,1991 (35 yrs old),IT Services & Consulting,Noida +48 other locations,noida
CGI Group,4.0,IT Services & Consulting | Noida +43 other locations,45200.0,655.0,1976 (50 yrs old),IT Services & Consulting,Noida +43 other locations,noida
SBI Cards & Payment Services,3.6,Financial Services | Noida +436 other locations,23700.0,77.5,,Financial Services,Noida +436 other locations,noida
Kalpataru Projects International,4.1,Engineering & Construction | Noida +321 other locations,13600.0,1.0,1981 (45 yrs old),Engineering & Construction,Noida +321 other locations,noida
JustDial,3.5,Internet | Noida +229 other locations,15400.0,53.0,1996 (30 yrs old),Internet,Noida +229 other locations,noida
BNY,3.7,Financial Services | Noida +25 other locations,30600.0,1.0,1784 (242 yrs old),Financial Services,Noida +25 other locations,noida
IQVIA,3.7,Clinical Research | Noida +64 other locations,30600.0,20.0,10k-50k,Clinical Research,Noida +64 other locations,noida
Nagarjuna Construction Company,4.0,Engineering & Construction | Noida +295 other locations,12000.0,11.0,1998 (28 yrs old),Engineering & Construction,Noida +295 other locations,noida
NTT Data,3.8,IT Services & Consulting | Noida +81 other locations,35700.0,181.0,1988 (38 yrs old),IT Services & Consulting,Noida +81 other locations,noida
SBI Life Insurance Company,3.7,Insurance | Noida +655 other locations,11700.0,6.0,2001 (25 yrs old),Insurance,Noida +655 other locations,noida
CBRE,4.1,Real Estate | Noida +91 other locations,18700.0,19.0,1906 (120 yrs old),Real Estate,Noida +91 other locations,noida
TVS Motor,3.9,Automobile | Noida +349 other locations,15800.0,64.0,1979 (47 yrs old),Automobile,Noida +349 other locations,noida
Schneider Electric,4.2,Industrial Automation | Noida +119 other locations,24400.0,24.0,1999 (27 yrs old),Industrial Automation,Noida +119 other locations,noida
Persistent Systems,3.6,IT Services & Consulting | Noida +41 other locations,44400.0,235.0,,IT Services & Consulting,Noida +41 other locations,noida
State Bank of India,3.8,Banking | Noida +618 other locations,11600.0,10.0,1806 (220 yrs old),Banking,Noida +618 other locations,noida
vivo,4.1,Consumer Electronics & Appliances | Noida +414 other locations,12900.0,11.0,2009 (17 yrs old),Consumer Electronics & Appliances,Noida +414 other locations,noida
Atos,3.8,IT Services & Consulting | Noida +49 other locations,34100.0,91.0,2000 (26 yrs old),IT Services & Consulting,Noida +49 other locations,noida
Ecom Express,4.0,Logistics | Noida +775 other locations,9500.0,77.5,2012 (14 yrs old),Logistics,Noida +775 other locations,noida
Eviden,3.6,IT Services & Consulting | Noida +39 other locations,28000.0,8.0,1k-5k,IT Services & Consulting,Noida +39 other locations,noida
KEC International,4.0,Engineering & Construction | Noida +313 other locations,13300.0,6.0,1945 (81 yrs old),Engineering & Construction,Noida +313 other locations,noida
Amdocs,3.6,Software Product | Noida +23 other locations,37400.0,11.0,1982 (44 yrs old),Software Product,Noida +23 other locations,noida
JBM Group,3.9,Auto Components | Noida +117 other locations,13900.0,45.0,,Auto Components,Noida +117 other locations,noida
Nagarro,3.9,IT Services & Consulting | Noida +49 other locations,32000.0,945.0,1996 (30 yrs old),IT Services & Consulting,Noida +49 other locations,noida
Varun Beverages,4.0,Beverage | Noida +379 other locations,12000.0,41.0,1995 (31 yrs old),Beverage,Noida +379 other locations,noida
ITC Infotech,3.7,IT Services & Consulting | Noida +67 other locations,29500.0,78.0,2000 (26 yrs old),IT Services & Consulting,Noida +67 other locations,noida
Home Credit Finance,4.0,NBFC | Noida +136 other locations,9400.0,96.0,2012 (14 yrs old),NBFC,Noida +136 other locations,noida
Bosch,4.1,Auto Components | Noida +130 other locations,23700.0,77.5,,Auto Components,Noida +130 other locations,noida
Randstad,3.7,Recruitment | Noida +352 other locations,16400.0,8.0,1992 (34 yrs old),Recruitment,Noida +352 other locations,noida
EY Global Delivery Services ( EY GDS),3.5,IT Services & Consulting | Noida +56 other locations,23700.0,77.5,,IT Services & Consulting,Noida +56 other locations,noida
Hewlett Packard Enterprise,4.1,IT Services & Consulting | Noida +103 other locations,27100.0,220.0,2015 (11 yrs old),IT Services & Consulting,Noida +103 other locations,noida
Utkarsh Small Finance Bank,3.6,Banking | Noida +407 other locations,10800.0,26.0,2009 (17 yrs old),Banking,Noida +407 other locations,noida
Mahindra Logistics,3.7,Logistics | Noida +233 other locations,280000.0,382.0,1986 (40 yrs old),Logistics,Noida +233 other locations,noida
Aditya Birla Fashion and Retail,4.1,Fashion & Textile | Noida +291 other locations,13100.0,76.0,,Fashion & Textile,Noida +291 other locations,noida
L&T Finance,3.9,NBFC | Noida +634 other locations,23700.0,77.5,,NBFC,Noida +634 other locations,noida
OPPO,3.9,Consumer Electronics & Appliances | Noida +410 other locations,11800.0,10.0,2004 (22 yrs old),Consumer Electronics & Appliances,Noida +410 other locations,noida
Dell,3.8,Consumer Electronics & Appliances | Noida +117 other locations,28700.0,16.0,1984 (42 yrs old),Consumer Electronics & Appliances,Noida +117 other locations,noida
CARS24,3.4,Internet | Noida +173 other locations,23700.0,77.5,,Internet,Noida +173 other locations,noida
Havells,3.9,Electrical Equipment | Noida +260 other locations,15500.0,34.0,1983 (43 yrs old),Electrical Equipment,Noida +260 other locations,noida
Intas Pharmaceuticals,4.1,Pharma | Noida +148 other locations,17300.0,54.0,1977 (49 yrs old),Pharma,Noida +148 other locations,noida
R1 RCM,3.8,BPO | Noida +46 other locations,21100.0,163.0,2007 (19 yrs old),BPO,Noida +46 other locations,noida
Tata AIA Life Insurance,3.9,Insurance | Noida +442 other locations,14100.0,680.0,2001 (25 yrs old),Insurance,Noida +442 other locations,noida
Hyundai Motor India Limited,4.1,Automobile | Noida +287 other locations,13800.0,3.0,1967 (59 yrs old),Automobile,Noida +287 other locations,noida
Deutsche Bank,3.8,Banking | Noida +42 other locations,36000.0,391.0,1870 (156 yrs old),Banking,Noida +42 other locations,noida
Hetero,3.9,Pharma | Noida +67 other locations,15000.0,141.0,,Pharma,Noida +67 other locations,noida
Motilal Oswal Financial Services,3.7,Financial Services | Noida +168 other locations,12900.0,45.0,,Financial Services,Noida +168 other locations,noida
Team Lease,3.9,Recruitment | Noida +396 other locations,16000.0,77.5,2016 (10 yrs old),Recruitment,Noida +396 other locations,noida
Berger Paints,3.7,Chemicals | Noida +353 other locations,10000.0,131.0,,Chemicals,Noida +353 other locations,noida
VE Commercial Vehicles,3.9,Automobile | Noida +179 other locations,14100.0,8.0,2008 (18 yrs old),Automobile,Noida +179 other locations,noida
Lenskart,3.3,Internet | Noida +240 other locations,13200.0,128.0,,Internet,Noida +240 other locations,noida
Thermax Limited,4.2,Industrial Machinery | Noida +250 other locations,23700.0,77.5,,Industrial Machinery,Noida +250 other locations,noida
Bajaj Auto,3.8,Automobile | Noida +317 other locations,14500.0,77.5,1945 (81 yrs old),Automobile,Noida +317 other locations,noida
Macleods Pharmaceuticals,3.7,Pharma | Noida +133 other locations,15500.0,10.0,1986 (40 yrs old),Pharma,Noida +133 other locations,noida
Aakash Educational Services,3.2,Education & Training | Noida +244 other locations,13600.0,71.0,1988 (38 yrs old),Education & Training,Noida +244 other locations,noida
Kogta Financial India Limited,4.7,NBFC | Noida +259 other locations,1900.0,115.0,1996 (30 yrs old),NBFC,Noida +259 other locations,noida
Jubilant Foods Works,3.7,Hospitality | Noida +262 other locations,9200.0,192.0,1995 (31 yrs old),Hospitality,Noida +262 other locations,noida
LG Electronics,3.9,Consumer Electronics & Appliances | Noida +298 other locations,11000.0,77.5,1958 (68 yrs old),Consumer Electronics & Appliances,Noida +298 other locations,noida
Royal Enfield,4.2,Automobile | Noida +372 other locations,14800.0,20.0,1901 (125 yrs old),Automobile,Noida +372 other locations,noida
Hindalco Industries,4.2,Metals & Mining | Noida +127 other locations,12400.0,4.0,1958 (68 yrs old),Metals & Mining,Noida +127 other locations,noida
Jindal Steel Limited,3.9,Iron & Steel | Noida +172 other locations,15400.0,31.0,1979 (47 yrs old),Iron & Steel,Noida +172 other locations,noida
John Deere,4.0,Industrial Machinery | Noida +155 other locations,15200.0,1.0,2001 (25 yrs old),Industrial Machinery,Noida +155 other locations,noida
Tata Communications,3.9,Telecom | Noida +102 other locations,23500.0,33.0,1986 (40 yrs old),Telecom,Noida +102 other locations,noida
DCB Bank,3.8,Banking | Noida +341 other locations,9500.0,11.0,,Banking,Noida +341 other locations,noida
HDFC Ergo General Insurance,4.0,Insurance | Noida +324 other locations,12000.0,10.0,2002 (24 yrs old),Insurance,Noida +324 other locations,noida
RBL Bank,3.5,Banking | Noida +284 other locations,18300.0,53.0,1943 (83 yrs old),Banking,Noida +284 other locations,noida
Cummins,4.3,Industrial Machinery | Noida +114 other locations,15500.0,8.0,1919 (107 yrs old),Industrial Machinery,Noida +114 other locations,noida
Oyo Rooms,3.1,Internet | Noida +121 other locations,14400.0,127.0,2012 (14 yrs old),Internet,Noida +121 other locations,noida
Pidilite Industries,4.2,Chemicals | Noida +312 other locations,11400.0,3.0,,Chemicals,Noida +312 other locations,noida
Alembic Pharmaceuticals,3.9,Pharma | Noida +187 other locations,15300.0,72.0,1907 (119 yrs old),Pharma,Noida +187 other locations,noida
Reliance Communications,4.0,Telecom | Noida +467 other locations,9600.0,77.5,2002 (24 yrs old),Telecom,Noida +467 other locations,noida
Bank of America,4.1,Banking | Noida +35 other locations,28100.0,77.5,1998 (28 yrs old),Banking,Noida +35 other locations,noida
Carelon Global Solutions,3.9,IT Services & Consulting | Noida +21 other locations,26600.0,19.0,10k-50k,IT Services & Consulting,Noida +21 other locations,noida
Publicis Sapient,3.4,IT Services & Consulting | Noida +46 other locations,30900.0,254.0,,IT Services & Consulting,Noida +46 other locations,noida
PVR INOX,3.9,Media & Entertainment | Noida +150 other locations,23700.0,77.5,,Media & Entertainment,Noida +150 other locations,noida
Subros,3.8,Auto Components | Noida +88 other locations,12500.0,1.0,1985 (41 yrs old),Auto Components,Noida +88 other locations,noida
American Express,4.1,Financial Services | Noida +53 other locations,24400.0,149.0,1850 (176 yrs old),Financial Services,Noida +53 other locations,noida
XpressBees,4.2,Logistics | Noida +474 other locations,8200.0,10.0,2015 (11 yrs old),Logistics,Noida +474 other locations,noida
PNB MetLife,3.4,Insurance | Noida +423 other locations,8000.0,15.0,2001 (25 yrs old),Insurance,Noida +423 other locations,noida
Kyndryl,3.9,IT Services & Consulting | Noida +37 other locations,26100.0,35.0,,IT Services & Consulting,Noida +37 other locations,noida
Escorts Kubota Limited,4.1,Automobile | Noida +155 other locations,13300.0,3.0,,Automobile,Noida +155 other locations,noida
Aditya Birla Sun Life Insurance,4.0,Insurance | Noida +488 other locations,9900.0,77.5,2000 (26 yrs old),Insurance,Noida +488 other locations,noida
Grasim Industries,4.0,Building Material | Noida +241 other locations,12700.0,4.0,1947 (79 yrs old),Building Material,Noida +241 other locations,noida
Aditya Birla Capital,3.8,NBFC | Noida +338 other locations,14300.0,3.0,2017 (9 yrs old),NBFC,Noida +338 other locations,noida
Maersk,4.0,Logistics | Noida +49 other locations,18900.0,32.0,,Logistics,Noida +49 other locations,noida
Synechron,3.5,IT Services & Consulting | Noida +32 other locations,27900.0,61.0,2001 (25 yrs old),IT Services & Consulting,Noida +32 other locations,noida
Birlasoft,3.5,IT Services & Consulting | Noida +50 other locations,29700.0,475.0,1995 (31 yrs old),IT Services & Consulting,Noida +50 other locations,noida
Godrej & Boyce Manufacturing,3.9,Consumer Electronics & Appliances | Noida +165 other locations,23700.0,77.5,,Consumer Electronics & Appliances,Noida +165 other locations,noida
Dabur,3.8,FMCG | Noida +320 other locations,8800.0,22.0,1884 (142 yrs old),FMCG,Noida +320 other locations,noida
Samvardhana Motherson Group,3.7,Auto Components | Noida +93 other locations,12000.0,11.0,1986 (40 yrs old),Auto Components,Noida +93 other locations,noida
JK Cement,4.0,Building Material | Noida +327 other locations,9800.0,1.0,1975 (51 yrs old),Building Material,Noida +327 other locations,noida
Altruist Technologies,4.4,BPO | Noida +45 other locations,8200.0,8.0,2005 (21 yrs old),BPO,Noida +45 other locations,noida
Cogent E Services,3.2,BPO | Noida +55 other locations,10300.0,1.0,2004 (22 yrs old),BPO,Noida +55 other locations,noida
Sodexo,4.0,Facility Management Services | Noida +156 other locations,9700.0,1100.0,1966 (60 yrs old),Facility Management Services,Noida +156 other locations,noida
Bharat Electronics,4.2,Electronics Manufacturing | Noida +87 other locations,12300.0,77.5,1954 (72 yrs old),Electronics Manufacturing,Noida +87 other locations,noida
KPIT Technologies,2.9,Software Product | Noida +44 other locations,22900.0,46.0,1990 (36 yrs old),Software Product,Noida +44 other locations,noida
Kotak Mahindara Life Insurance,3.5,Insurance | Noida +256 other locations,12700.0,199.0,2001 (25 yrs old),Insurance,Noida +256 other locations,noida
Abbott,4.1,Pharma | Noida +214 other locations,11600.0,252.0,1910 (116 yrs old),Pharma,Noida +214 other locations,noida
Reliance Projects & Property Management Services,4.0,Other | Noida +617 other locations,23700.0,77.5,,Other,Noida +617 other locations,noida
Ipca Laboratories,3.8,Pharma | Noida +160 other locations,11500.0,37.0,1949 (77 yrs old),Pharma,Noida +160 other locations,noida
TCS,3.3,IT Services & Consulting | Pune +439 other locations,970000.0,2000.0,1968 (58 yrs old),IT Services & Consulting,Pune +439 other locations,pune
Accenture,3.7,IT Services & Consulting | Pune +255 other locations,650000.0,31900.0,1989 (37 yrs old),IT Services & Consulting,Pune +255 other locations,pune
Wipro,3.6,IT Services & Consulting | Pune +370 other locations,480000.0,6500.0,1945 (81 yrs old),IT Services & Consulting,Pune +370 other locations,pune
Cognizant,3.6,IT Services & Consulting | Pune +229 other locations,600000.0,730.0,1994 (32 yrs old),IT Services & Consulting,Pune +229 other locations,pune
Capgemini,3.7,IT Services & Consulting | Pune +184 other locations,470000.0,1900.0,1967 (59 yrs old),IT Services & Consulting,Pune +184 other locations,pune
HDFC Bank,3.8,Banking | Pune +1821 other locations,150000.0,266.0,1994 (32 yrs old),Banking,Pune +1821 other locations,pune
Infosys,3.5,IT Services & Consulting | Pune +246 other locations,520000.0,2700.0,,IT Services & Consulting,Pune +246 other locations,pune
ICICI Bank,4.0,Banking | Pune +1438 other locations,150000.0,22.0,1994 (32 yrs old),Banking,Pune +1438 other locations,pune
HCLTech,3.4,IT Services & Consulting | Pune +226 other locations,370000.0,165.0,,IT Services & Consulting,Pune +226 other locations,pune
Tech Mahindra,3.4,IT Services & Consulting | Pune +331 other locations,280000.0,383.0,1986 (40 yrs old),IT Services & Consulting,Pune +331 other locations,pune
Genpact,3.6,IT Services & Consulting | Pune +182 other locations,230000.0,833.0,1997 (29 yrs old),IT Services & Consulting,Pune +182 other locations,pune
Teleperformance,3.8,BPO | Pune +254 other locations,95800.0,1300.0,1978 (48 yrs old),BPO,Pune +254 other locations,pune
Axis Bank,3.6,Banking | Pune +1498 other locations,100000.0,217.0,1993 (33 yrs old),Banking,Pune +1498 other locations,pune
Jio,4.4,Telecom | Pune +1893 other locations,62000.0,3.0,2018 (8 yrs old),Telecom,Pune +1893 other locations,pune
Concentrix Corporation,3.6,BPO | Pune +177 other locations,130000.0,82.0,1983 (43 yrs old),BPO,Pune +177 other locations,pune
Amazon,3.9,Internet | Pune +518 other locations,150000.0,1600.0,1994 (32 yrs old),Internet,Pune +518 other locations,pune
iEnergizer,4.6,BPO | Pune +52 other locations,23900.0,68.0,,BPO,Pune +52 other locations,pune
Reliance Retail,3.9,Retail | Pune +1150 other locations,74700.0,152.0,2006 (20 yrs old),Retail,Pune +1150 other locations,pune
LTIMindtree,3.6,IT Services & Consulting | Pune +146 other locations,190000.0,450.0,1997 (29 yrs old),IT Services & Consulting,Pune +146 other locations,pune
IBM,3.9,IT Services & Consulting | Pune +160 other locations,210000.0,813.0,1911 (115 yrs old),IT Services & Consulting,Pune +160 other locations,pune
HDB Financial Services,3.9,NBFC | Pune +1089 other locations,50200.0,203.0,2007 (19 yrs old),NBFC,Pune +1089 other locations,pune
Larsen & Toubro Limited,3.9,Engineering & Construction | Pune +754 other locations,24000.0,77.0,,Engineering & Construction,Pune +754 other locations,pune
Deloitte,3.7,Management Consulting | Pune +187 other locations,250000.0,1500.0,1845 (181 yrs old),Management Consulting,Pune +187 other locations,pune
Kotak Mahindra Bank,3.6,Banking | Pune +681 other locations,87000.0,80.0,,Banking,Pune +681 other locations,pune
Reliance Industries,4.0,Oil & Gas | Pune +812 other locations,72400.0,58.0,1977 (49 yrs old),Oil & Gas,Pune +812 other locations,pune
Vodafone Idea,3.9,Telecom | Pune +704 other locations,50300.0,30.0,2018 (8 yrs old),Telecom,Pune +704 other locations,pune
Bharti Airtel,3.8,Telecom | Pune +789 other locations,49000.0,120.0,1952 (74 yrs old),Telecom,Pune +789 other locations,pune
BYJU'S,3.2,EdTech | Pune +321 other locations,53600.0,77.0,2011 (15 yrs old),EdTech,Pune +321 other locations,pune
WNS,3.3,IT Services & Consulting | Pune +65 other locations,69800.0,82.0,1996 (30 yrs old),IT Services & Consulting,Pune +65 other locations,pune
Tata Motors,4.1,Automobile | Pune +506 other locations,42500.0,172.0,1945 (81 yrs old),Automobile,Pune +506 other locations,pune
IDFC FIRST Bank,3.9,Banking | Pune +711 other locations,48500.0,32.0,,Banking,Pune +711 other locations,pune
Ernst & Young,3.4,Management Consulting | Pune +132 other locations,24000.0,77.0,,Management Consulting,Pune +132 other locations,pune
IndusInd Bank,3.4,Banking | Pune +788 other locations,51700.0,141.0,,Banking,Pune +788 other locations,pune
AU Small Finance Bank,3.9,Banking | Pune +782 other locations,28700.0,44.0,1996 (30 yrs old),Banking,Pune +782 other locations,pune
Flipkart,3.9,Internet | Pune +560 other locations,53900.0,179.0,2007 (19 yrs old),Internet,Pune +560 other locations,pune
Bajaj Finserv,3.9,NBFC | Pune +1161 other locations,30000.0,4.0,2007 (19 yrs old),NBFC,Pune +1161 other locations,pune
Muthoot FinCorp,4.5,NBFC | Pune +1087 other locations,9000.0,43.0,,NBFC,Pune +1087 other locations,pune
PwC,3.3,Management Consulting | Pune +132 other locations,120000.0,899.0,1880 (146 yrs old),Management Consulting,Pune +132 other locations,pune
Mahindra & Mahindra,4.0,Automobile | Pune +562 other locations,24000.0,77.0,,Automobile,Pune +562 other locations,pune
DXC Technology,3.6,IT Services & Consulting | Pune +133 other locations,72800.0,198.0,2017 (9 yrs old),IT Services & Consulting,Pune +133 other locations,pune
Infosys BPM,3.5,BPO | Pune +95 other locations,72500.0,98.0,2002 (24 yrs old),BPO,Pune +95 other locations,pune
HDFC Life,3.9,Insurance | Pune +698 other locations,32900.0,119.0,,Insurance,Pune +698 other locations,pune
Bandhan Bank,3.7,Banking | Pune +995 other locations,25300.0,13.0,,Banking,Pune +995 other locations,pune
Conneqt Business Solutions,3.6,BPO | Pune +266 other locations,26400.0,361.0,2002 (24 yrs old),BPO,Pune +266 other locations,pune
Mphasis,3.3,IT Services & Consulting | Pune +63 other locations,73200.0,47.0,1998 (28 yrs old),IT Services & Consulting,Pune +63 other locations,pune
Yes Bank,3.7,Banking | Pune +540 other locations,43400.0,141.0,2004 (22 yrs old),Banking,Pune +540 other locations,pune
Tata Steel,4.0,Iron & Steel | Pune +228 other locations,33800.0,77.0,1907 (119 yrs old),Iron & Steel,Pune +228 other locations,pune
Quess,3.8,Recruitment | Pune +740 other locations,30500.0,9.0,2007 (19 yrs old),Recruitment,Pune +740 other locations,pune
Maruti Suzuki,4.2,Automobile | Pune +451 other locations,28400.0,61.0,1981 (45 yrs old),Automobile,Pune +451 other locations,pune
Startek,3.1,BPO | Pune +105 other locations,24400.0,130.0,2017 (9 yrs old),BPO,Pune +105 other locations,pune
Asian Paints,4.0,Chemicals | Pune +547 other locations,25200.0,66.0,,Chemicals,Pune +547 other locations,pune
UltraTech Cement,4.1,Building Material | Pune +534 other locations,24300.0,27.0,1983 (43 yrs old),Building Material,Pune +534 other locations,pune
Paytm,3.2,FinTech | Pune +418 other locations,33900.0,718.0,,FinTech,Pune +418 other locations,pune
Shriram Finance,4.0,NBFC | Pune +1109 other locations,15300.0,8.0,1979 (47 yrs old),NBFC,Pune +1109 other locations,pune
Bajaj Finance,3.9,NBFC | Pune +965 other locations,22700.0,7000.0,1987 (39 yrs old),NBFC,Pune +965 other locations,pune
Equitas Small Finance Bank,4.4,Banking | Pune +479 other locations,13400.0,15.0,,Banking,Pune +479 other locations,pune
Sutherland Global Services,3.4,BPO | Pune +82 other locations,34400.0,250.0,,BPO,Pune +82 other locations,pune
EXL Service,3.6,Analytics & KPO | Pune +63 other locations,44100.0,1500.0,,Analytics & KPO,Pune +63 other locations,pune
Cipla,4.1,Pharma | Pune +291 other locations,26000.0,66.0,1935 (91 yrs old),Pharma,Pune +291 other locations,pune
Samsung,3.9,Consumer Electronics & Appliances | Pune +578 other locations,26200.0,27.0,1969 (57 yrs old),Consumer Electronics & Appliances,Pune +578 other locations,pune
Ericsson,3.9,Telecom | Pune +162 other locations,42500.0,70.0,,Telecom,Pune +162 other locations,pune
Wells Fargo,3.7,Financial Services | Pune +28 other locations,55200.0,168.0,,Financial Services,Pune +28 other locations,pune
Dr. Reddy's,4.0,Pharma | Pune +213 other locations,24000.0,77.0,,Pharma,Pune +213 other locations,pune
Optum Global Solutions,4.0,IT Services & Consulting | Pune +68 other locations,48400.0,73.0,2002 (24 yrs old),IT Services & Consulting,Pune +68 other locations,pune
Delhivery,3.8,Logistics | Pune +751 other locations,21300.0,179.0,2011 (15 yrs old),Logistics,Pune +751 other locations,pune
ICICI Prudential Life Insurance,4.0,Insurance | Pune +505 other locations,22500.0,513.0,2000 (26 yrs old),Insurance,Pune +505 other locations,pune
JPMorgan Chase & Co.,3.8,Financial Services | Pune +55 other locations,24000.0,77.0,,Financial Services,Pune +55 other locations,pune
JSW Steel,3.9,Iron & Steel | Pune +193 other locations,30400.0,108.0,1982 (44 yrs old),Iron & Steel,Pune +193 other locations,pune
HGS,3.7,BPO | Pune +121 other locations,20900.0,18.0,2000 (26 yrs old),BPO,Pune +121 other locations,pune
Jana Small Finance Bank,3.8,Banking | Pune +419 other locations,14200.0,54.0,2006 (20 yrs old),Banking,Pune +419 other locations,pune
Sun Pharmaceutical Industries,4.1,Pharma | Pune +264 other locations,23500.0,287.0,,Pharma,Pune +264 other locations,pune
Ujjivan Small Finance Bank,4.0,Banking | Pune +533 other locations,12800.0,136.0,2017 (9 yrs old),Banking,Pune +533 other locations,pune
Hexaware Technologies,3.4,IT Services & Consulting | Pune +67 other locations,53100.0,636.0,1990 (36 yrs old),IT Services & Consulting,Pune +67 other locations,pune
Amazon Development Centre India,3.8,Internet | Pune +146 other locations,24000.0,77.0,,Internet,Pune +146 other locations,pune
Lupin,4.1,Pharma | Pune +202 other locations,22500.0,33.0,,Pharma,Pune +202 other locations,pune
L&T Construction,4.0,Engineering & Construction | Pune +433 other locations,24000.0,77.0,,Engineering & Construction,Pune +433 other locations,pune
Zydus Lifesciences,3.9,Pharma | Pune +177 other locations,19900.0,21.0,1952 (74 yrs old),Pharma,Pune +177 other locations,pune
Ekart Logistics,3.9,Logistics | Pune +736 other locations,15800.0,77.0,2009 (17 yrs old),Logistics,Pune +736 other locations,pune
Hindustan Unilever,4.2,FMCG | Pune +531 other locations,20000.0,48.0,1872 (154 yrs old),FMCG,Pune +531 other locations,pune
KPMG India,3.4,Management Consulting | Pune +111 other locations,64700.0,61.0,1993 (33 yrs old),Management Consulting,Pune +111 other locations,pune
ITC,3.9,FMCG | Pune +375 other locations,24400.0,77.0,1910 (116 yrs old),FMCG,Pune +375 other locations,pune
Axis Max Life Insurance,4.0,Insurance | Pune +494 other locations,20000.0,143.0,2000 (26 yrs old),Insurance,Pune +494 other locations,pune
Megha Engineering & Infrastructures,3.9,Engineering & Construction | Pune +405 other locations,24000.0,77.0,,Engineering & Construction,Pune +405 other locations,pune
Tata Projects,4.2,Engineering & Construction | Pune +285 other locations,22100.0,29.0,,Engineering & Construction,Pune +285 other locations,pune
Coforge,3.2,IT Services & Consulting | Pune +104 other locations,48500.0,128.0,,IT Services & Consulting,Pune +104 other locations,pune
FIS,3.8,FinTech | Pune +61 other locations,38700.0,122.0,,FinTech,Pune +61 other locations,pune
L&T Technology Services,3.1,IT Services & Consulting | Pune +92 other locations,24000.0,77.0,,IT Services & Consulting,Pune +92 other locations,pune
Bajaj Life Insurance,3.9,Insurance | Pune +607 other locations,24000.0,77.0,,Insurance,Pune +607 other locations,pune
Cholamandalam Investment & Finance,3.8,Financial Services | Pune +840 other locations,24000.0,77.0,,Financial Services,Pune +840 other locations,pune
IIFL Finance,4.0,NBFC | Pune +801 other locations,14200.0,73.0,1995 (31 yrs old),NBFC,Pune +801 other locations,pune
Oracle,3.5,Software Product | Pune +56 other locations,62500.0,1200.0,1977 (49 yrs old),Software Product,Pune +56 other locations,pune
Indian Army,4.7,Defence & Aerospace | Pune +364 other locations,9600.0,77.0,1895 (131 yrs old),Defence & Aerospace,Pune +364 other locations,pune
Omega Healthcare,3.8,BPO | Pune +69 other locations,26200.0,129.0,2003 (23 yrs old),BPO,Pune +69 other locations,pune
Muthoot Finance,3.7,NBFC | Pune +783 other locations,13000.0,93.0,,NBFC,Pune +783 other locations,pune
JLL,4.1,Real Estate | Pune +85 other locations,24200.0,241.0,1999 (27 yrs old),Real Estate,Pune +85 other locations,pune
eClerx,3.1,IT Services & Consulting | Pune +32 other locations,31700.0,233.0,2000 (26 yrs old),IT Services & Consulting,Pune +32 other locations,pune
HCL Group,3.5,IT Services & Consulting | Pune +97 other locations,370000.0,165.0,,IT Services & Consulting,Pune +97 other locations,pune
Piramal Finance,4.2,NBFC | Pune +424 other locations,12700.0,5.0,10k-50k,NBFC,Pune +424 other locations,pune
Virtusa Consulting Services,3.7,IT Services & Consulting | Pune +55 other locations,56300.0,1300.0,1996 (30 yrs old),IT Services & Consulting,Pune +55 other locations,pune
DMart,3.9,Retail | Pune +246 other locations,18500.0,177.0,2002 (24 yrs old),Retail,Pune +246 other locations,pune
HSBC Group,3.9,Financial Services | Pune +63 other locations,42600.0,130.0,1865 (161 yrs old),Financial Services,Pune +63 other locations,pune
Indiamart Intermesh,3.5,Internet | Pune +173 other locations,20000.0,532.0,1996 (30 yrs old),Internet,Pune +173 other locations,pune
Udaan,3.9,Internet | Pune +368 other locations,15600.0,5.0,,Internet,Pune +368 other locations,pune
SMFG India Credit,3.9,NBFC | Pune +592 other locations,11000.0,81.0,2007 (19 yrs old),NBFC,Pune +592 other locations,pune
Aurobindo Pharma,4.0,Pharma | Pune +115 other locations,20700.0,23.0,1986 (40 yrs old),Pharma,Pune +115 other locations,pune
Access Healthcare,3.7,BPO | Pune +64 other locations,28400.0,503.0,2011 (15 yrs old),BPO,Pune +64 other locations,pune
Siemens,3.9,Industrial Automation | Pune +152 other locations,33500.0,134.0,,Industrial Automation,Pune +152 other locations,pune
BigBasket,3.9,Internet | Pune +138 other locations,19100.0,104.0,,Internet,Pune +138 other locations,pune
Manappuram Finance,3.9,NBFC | Pune +647 other locations,9100.0,6.0,1949 (77 yrs old),NBFC,Pune +647 other locations,pune
Firstsource Solutions,3.5,BPO | Pune +74 other locations,24000.0,139.0,2001 (25 yrs old),BPO,Pune +74 other locations,pune
Shapoorji Pallonji Group,4.1,Engineering & Construction | Pune +188 other locations,24000.0,77.0,,Engineering & Construction,Pune +188 other locations,pune
Tata Capital,4.0,NBFC | Pune +438 other locations,15700.0,3100.0,2007 (19 yrs old),NBFC,Pune +438 other locations,pune
GlobalLogic,3.5,IT Services & Consulting | Pune +60 other locations,40500.0,46.0,2000 (26 yrs old),IT Services & Consulting,Pune +60 other locations,pune
ICICI Lombard General Insurance Company,3.5,Insurance | Pune +311 other locations,24000.0,77.0,,Insurance,Pune +311 other locations,pune
Standard Chartered,3.6,Banking | Pune +68 other locations,42000.0,77.0,1853 (173 yrs old),Banking,Pune +68 other locations,pune
Mahindra Finance,3.9,NBFC | Pune +730 other locations,12000.0,390.0,1991 (35 yrs old),NBFC,Pune +730 other locations,pune
PolicyBazaar,3.7,Internet | Pune +149 other locations,17100.0,434.0,,Internet,Pune +149 other locations,pune
Bosch Global Software Technologies,3.7,IT Services & Consulting | Pune +47 other locations,39900.0,14.0,1997 (29 yrs old),IT Services & Consulting,Pune +47 other locations,pune
Apollo Hospitals,4.1,Healthcare | Pune +229 other locations,16400.0,168.0,1983 (43 yrs old),Healthcare,Pune +229 other locations,pune
UST,3.7,IT Services & Consulting | Pune +50 other locations,39400.0,142.0,,IT Services & Consulting,Pune +50 other locations,pune
Ashok Leyland,4.0,Automobile | Pune +259 other locations,18700.0,77.0,1948 (78 yrs old),Automobile,Pune +259 other locations,pune
Citicorp,3.7,Financial Services | Pune +68 other locations,51900.0,77.0,1997 (29 yrs old),Financial Services,Pune +68 other locations,pune
Swiggy,3.7,Internet | Pune +230 other locations,22800.0,281.0,2014 (12 yrs old),Internet,Pune +230 other locations,pune
Hero MotoCorp,4.1,Automobile | Pune +365 other locations,15700.0,77.0,1984 (42 yrs old),Automobile,Pune +365 other locations,pune
Cyient,3.6,IT Services & Consulting | Pune +48 other locations,27300.0,78.0,1991 (35 yrs old),IT Services & Consulting,Pune +48 other locations,pune
CGI Group,4.0,IT Services & Consulting | Pune +43 other locations,45200.0,655.0,1976 (50 yrs old),IT Services & Consulting,Pune +43 other locations,pune
SBI Cards & Payment Services,3.6,Financial Services | Pune +435 other locations,24000.0,77.0,,Financial Services,Pune +435 other locations,pune
Kalpataru Projects International,4.2,Engineering & Construction | Pune +321 other locations,13600.0,1.0,1981 (45 yrs old),Engineering & Construction,Pune +321 other locations,pune
JustDial,3.5,Internet | Pune +229 other locations,15400.0,53.0,1996 (30 yrs old),Internet,Pune +229 other locations,pune
BNY,3.7,Financial Services | Pune +25 other locations,30600.0,1.0,1784 (242 yrs old),Financial Services,Pune +25 other locations,pune
IQVIA,3.7,Clinical Research | Pune +63 other locations,30600.0,20.0,10k-50k,Clinical Research,Pune +63 other locations,pune
NTT Data,3.8,IT Services & Consulting | Pune +79 other locations,35700.0,181.0,1988 (38 yrs old),IT Services & Consulting,Pune +79 other locations,pune
Nagarjuna Construction Company,4.0,Engineering & Construction | Pune +295 other locations,12000.0,11.0,1998 (28 yrs old),Engineering & Construction,Pune +295 other locations,pune
CBRE,4.1,Real Estate | Pune +91 other locations,18700.0,19.0,1906 (120 yrs old),Real Estate,Pune +91 other locations,pune
SBI Life Insurance Company,3.7,Insurance | Pune +655 other locations,11700.0,6.0,2001 (25 yrs old),Insurance,Pune +655 other locations,pune
TVS Motor,3.9,Automobile | Pune +349 other locations,15800.0,64.0,1979 (47 yrs old),Automobile,Pune +349 other locations,pune
Schneider Electric,4.2,Industrial Automation | Pune +119 other locations,24400.0,24.0,1999 (27 yrs old),Industrial Automation,Pune +119 other locations,pune
Persistent Systems,3.6,IT Services & Consulting | Pune +41 other locations,44400.0,235.0,,IT Services & Consulting,Pune +41 other locations,pune
State Bank of India,3.8,Banking | Pune +618 other locations,11600.0,10.0,1806 (220 yrs old),Banking,Pune +618 other locations,pune
Atos,3.8,IT Services & Consulting | Pune +49 other locations,34100.0,91.0,2000 (26 yrs old),IT Services & Consulting,Pune +49 other locations,pune
vivo,4.1,Consumer Electronics & Appliances | Pune +414 other locations,12900.0,11.0,2009 (17 yrs old),Consumer Electronics & Appliances,Pune +414 other locations,pune
Ecom Express,4.0,Logistics | Pune +775 other locations,9500.0,77.0,2012 (14 yrs old),Logistics,Pune +775 other locations,pune
Eviden,3.6,IT Services & Consulting | Pune +39 other locations,28000.0,8.0,1k-5k,IT Services & Consulting,Pune +39 other locations,pune
KEC International,4.0,Engineering & Construction | Pune +313 other locations,13300.0,6.0,1945 (81 yrs old),Engineering & Construction,Pune +313 other locations,pune
Amdocs,3.6,Software Product | Pune +23 other locations,37400.0,11.0,1982 (44 yrs old),Software Product,Pune +23 other locations,pune
JBM Group,3.9,Auto Components | Pune +117 other locations,13900.0,45.0,,Auto Components,Pune +117 other locations,pune
Nagarro,3.9,IT Services & Consulting | Pune +49 other locations,32000.0,945.0,1996 (30 yrs old),IT Services & Consulting,Pune +49 other locations,pune
Varun Beverages,4.0,Beverage | Pune +379 other locations,12000.0,41.0,1995 (31 yrs old),Beverage,Pune +379 other locations,pune
ITC Infotech,3.7,IT Services & Consulting | Pune +67 other locations,29500.0,78.0,2000 (26 yrs old),IT Services & Consulting,Pune +67 other locations,pune
Home Credit Finance,4.0,NBFC | Pune +136 other locations,9400.0,96.0,2012 (14 yrs old),NBFC,Pune +136 other locations,pune
Bosch,4.1,Auto Components | Pune +130 other locations,20700.0,77.0,1886 (140 yrs old),Auto Components,Pune +130 other locations,pune
Randstad,3.7,Recruitment | Pune +352 other locations,16400.0,8.0,1992 (34 yrs old),Recruitment,Pune +352 other locations,pune
EY Global Delivery Services ( EY GDS),3.5,IT Services & Consulting | Pune +56 other locations,24000.0,77.0,,IT Services & Consulting,Pune +56 other locations,pune
Hewlett Packard Enterprise,4.1,IT Services & Consulting | Pune +103 other locations,27100.0,220.0,2015 (11 yrs old),IT Services & Consulting,Pune +103 other locations,pune
Utkarsh Small Finance Bank,3.6,Banking | Pune +407 other locations,10800.0,26.0,2009 (17 yrs old),Banking,Pune +407 other locations,pune
Mahindra Logistics,3.7,Logistics | Pune +233 other locations,280000.0,383.0,1986 (40 yrs old),Logistics,Pune +233 other locations,pune
Aditya Birla Fashion and Retail,4.1,Fashion & Textile | Pune +291 other locations,13100.0,76.0,,Fashion & Textile,Pune +291 other locations,pune
L&T Finance,3.9,NBFC | Pune +634 other locations,24000.0,77.0,,NBFC,Pune +634 other locations,pune
OPPO,3.9,Consumer Electronics & Appliances | Pune +410 other locations,11800.0,10.0,2004 (22 yrs old),Consumer Electronics & Appliances,Pune +410 other locations,pune
Dell,3.8,Consumer Electronics & Appliances | Pune +117 other locations,28700.0,16.0,1984 (42 yrs old),Consumer Electronics & Appliances,Pune +117 other locations,pune
CARS24,3.4,Internet | Pune +173 other locations,24000.0,77.0,,Internet,Pune +173 other locations,pune
Havells,3.9,Electrical Equipment | Pune +260 other locations,15500.0,34.0,1983 (43 yrs old),Electrical Equipment,Pune +260 other locations,pune
Intas Pharmaceuticals,4.1,Pharma | Pune +148 other locations,17300.0,54.0,1977 (49 yrs old),Pharma,Pune +148 other locations,pune
R1 RCM,3.8,BPO | Pune +46 other locations,21100.0,163.0,2007 (19 yrs old),BPO,Pune +46 other locations,pune
Tata AIA Life Insurance,3.9,Insurance | Pune +442 other locations,14100.0,680.0,2001 (25 yrs old),Insurance,Pune +442 other locations,pune
Hyundai Motor India Limited,4.1,Automobile | Pune +287 other locations,13800.0,3.0,1967 (59 yrs old),Automobile,Pune +287 other locations,pune
Deutsche Bank,3.8,Banking | Pune +42 other locations,36000.0,391.0,1870 (156 yrs old),Banking,Pune +42 other locations,pune
Hetero,3.9,Pharma | Pune +67 other locations,15000.0,141.0,,Pharma,Pune +67 other locations,pune
Motilal Oswal Financial Services,3.7,Financial Services | Pune +168 other locations,12900.0,45.0,,Financial Services,Pune +168 other locations,pune
Team Lease,3.9,Recruitment | Pune +396 other locations,16000.0,77.0,2016 (10 yrs old),Recruitment,Pune +396 other locations,pune
Berger Paints,3.7,Chemicals | Pune +353 other locations,10000.0,131.0,,Chemicals,Pune +353 other locations,pune
VE Commercial Vehicles,3.9,Automobile | Pune +179 other locations,14100.0,8.0,2008 (18 yrs old),Automobile,Pune +179 other locations,pune
Lenskart,3.3,Internet | Pune +240 other locations,13200.0,127.0,,Internet,Pune +240 other locations,pune
Thermax Limited,4.2,Industrial Machinery | Pune +250 other locations,24000.0,77.0,,Industrial Machinery,Pune +250 other locations,pune
Bajaj Auto,3.8,Automobile | Pune +317 other locations,14500.0,77.0,1945 (81 yrs old),Automobile,Pune +317 other locations,pune
Macleods Pharmaceuticals,3.7,Pharma | Pune +133 other locations,15500.0,10.0,1986 (40 yrs old),Pharma,Pune +133 other locations,pune
Aakash Educational Services,3.2,Education & Training | Pune +244 other locations,13600.0,71.0,1988 (38 yrs old),Education & Training,Pune +244 other locations,pune
Kogta Financial India Limited,4.7,NBFC | Pune +259 other locations,1900.0,115.0,1996 (30 yrs old),NBFC,Pune +259 other locations,pune
Jubilant Foods Works,3.7,Hospitality | Pune +262 other locations,9200.0,192.0,1995 (31 yrs old),Hospitality,Pune +262 other locations,pune
LG Electronics,3.9,Consumer Electronics & Appliances | Pune +298 other locations,11000.0,77.0,1958 (68 yrs old),Consumer Electronics & Appliances,Pune +298 other locations,pune
Royal Enfield,4.2,Automobile | Pune +372 other locations,14800.0,20.0,1901 (125 yrs old),Automobile,Pune +372 other locations,pune
Hindalco Industries,4.2,Metals & Mining | Pune +127 other locations,12400.0,4.0,1958 (68 yrs old),Metals & Mining,Pune +127 other locations,pune
Jindal Steel Limited,3.9,Iron & Steel | Pune +172 other locations,15400.0,31.0,1979 (47 yrs old),Iron & Steel,Pune +172 other locations,pune
John Deere,4.0,Industrial Machinery | Pune +155 other locations,15200.0,1.0,2001 (25 yrs old),Industrial Machinery,Pune +155 other locations,pune
Tata Communications,3.9,Telecom | Pune +102 other locations,23500.0,33.0,1986 (40 yrs old),Telecom,Pune +102 other locations,pune
DCB Bank,3.8,Banking | Pune +341 other locations,9500.0,11.0,,Banking,Pune +341 other locations,pune
HDFC Ergo General Insurance,4.0,Insurance | Pune +324 other locations,12000.0,10.0,2002 (24 yrs old),Insurance,Pune +324 other locations,pune
State Street Corporation,3.5,Financial Services | Pune +34 other locations,31400.0,8.0,1792 (234 yrs old),Financial Services,Pune +34 other locations,pune
RBL Bank,3.5,Banking | Pune +284 other locations,18300.0,53.0,1943 (83 yrs old),Banking,Pune +284 other locations,pune
Cummins,4.3,Industrial Machinery | Pune +114 other locations,15500.0,8.0,1919 (107 yrs old),Industrial Machinery,Pune +114 other locations,pune
Oyo Rooms,3.1,Internet | Pune +121 other locations,14400.0,127.0,2012 (14 yrs old),Internet,Pune +121 other locations,pune
Pidilite Industries,4.2,Chemicals | Pune +312 other locations,11400.0,3.0,,Chemicals,Pune +312 other locations,pune
Alembic Pharmaceuticals,3.9,Pharma | Pune +187 other locations,15300.0,72.0,1907 (119 yrs old),Pharma,Pune +187 other locations,pune
Reliance Communications,4.0,Telecom | Pune +467 other locations,9600.0,77.0,2002 (24 yrs old),Telecom,Pune +467 other locations,pune
Bank of America,4.1,Banking | Pune +35 other locations,28100.0,77.0,1998 (28 yrs old),Banking,Pune +35 other locations,pune
Carelon Global Solutions,3.9,IT Services & Consulting | Pune +21 other locations,26600.0,19.0,10k-50k,IT Services & Consulting,Pune +21 other locations,pune
Publicis Sapient,3.4,IT Services & Consulting | Pune +46 other locations,30900.0,254.0,,IT Services & Consulting,Pune +46 other locations,pune
Viatris,4.1,Pharma | Pune +81 other locations,14200.0,4.0,,Pharma,Pune +81 other locations,pune
PVR INOX,3.9,Media & Entertainment | Pune +150 other locations,24000.0,77.0,,Media & Entertainment,Pune +150 other locations,pune
Subros,3.8,Auto Components | Pune +88 other locations,12500.0,1.0,1985 (41 yrs old),Auto Components,Pune +88 other locations,pune
American Express,4.1,Financial Services | Pune +53 other locations,24400.0,149.0,1850 (176 yrs old),Financial Services,Pune +53 other locations,pune
XpressBees,4.2,Logistics | Pune +474 other locations,8200.0,10.0,2015 (11 yrs old),Logistics,Pune +474 other locations,pune
Automatic Data Processing (ADP),3.9,Software Product | Pune +40 other locations,24000.0,77.0,,Software Product,Pune +40 other locations,pune
PNB MetLife,3.4,Insurance | Pune +423 other locations,8000.0,15.0,2001 (25 yrs old),Insurance,Pune +423 other locations,pune
Kyndryl,3.9,IT Services & Consulting | Pune +37 other locations,26100.0,35.0,,IT Services & Consulting,Pune +37 other locations,pune
Escorts Kubota Limited,4.1,Automobile | Pune +155 other locations,13300.0,3.0,,Automobile,Pune +155 other locations,pune
Aditya Birla Sun Life Insurance,4.0,Insurance | Pune +488 other locations,9900.0,77.0,2000 (26 yrs old),Insurance,Pune +488 other locations,pune
Grasim Industries,4.0,Building Material | Pune +241 other locations,12700.0,4.0,1947 (79 yrs old),Building Material,Pune +241 other locations,pune
Aditya Birla Capital,3.8,NBFC | Pune +338 other locations,14300.0,3.0,2017 (9 yrs old),NBFC,Pune +338 other locations,pune
Maersk,4.0,Logistics | Pune +49 other locations,18900.0,32.0,,Logistics,Pune +49 other locations,pune
Synechron,3.5,IT Services & Consulting | Pune +32 other locations,27900.0,61.0,2001 (25 yrs old),IT Services & Consulting,Pune +32 other locations,pune
Glenmark Pharmaceuticals,3.8,Pharma | Pune +184 other locations,12100.0,125.0,1977 (49 yrs old),Pharma,Pune +184 other locations,pune
Birlasoft,3.5,IT Services & Consulting | Pune +50 other locations,29700.0,475.0,1995 (31 yrs old),IT Services & Consulting,Pune +50 other locations,pune
Dabur,3.8,FMCG | Pune +320 other locations,8800.0,22.0,1884 (142 yrs old),FMCG,Pune +320 other locations,pune
Godrej & Boyce Manufacturing,3.9,Consumer Electronics & Appliances | Pune +165 other locations,24000.0,77.0,,Consumer Electronics & Appliances,Pune +165 other locations,pune
Samvardhana Motherson Group,3.7,Auto Components | Pune +93 other locations,12000.0,11.0,1986 (40 yrs old),Auto Components,Pune +93 other locations,pune
Altruist Technologies,4.4,BPO | Pune +45 other locations,8200.0,8.0,2005 (21 yrs old),BPO,Pune +45 other locations,pune
Cogent E Services,3.2,BPO | Pune +55 other locations,10300.0,1.0,2004 (22 yrs old),BPO,Pune +55 other locations,pune
Sodexo,4.0,Facility Management Services | Pune +156 other locations,9700.0,1100.0,1966 (60 yrs old),Facility Management Services,Pune +156 other locations,pune
JK Cement,4.0,Building Material | Pune +327 other locations,9800.0,1.0,1975 (51 yrs old),Building Material,Pune +327 other locations,pune
